codprov,coddepto,codmuni,nomprov,nommuni,nomdepto
1,1,1,CIUDAD AUTONOMA DE BS.AS.,,COMUNA 1
1,2,2,CIUDAD AUTONOMA DE BS.AS.,,COMUNA 2
1,3,3,CIUDAD AUTONOMA DE BS.AS.,,COMUNA 3
1,4,4,CIUDAD AUTONOMA DE BS.AS.,,COMUNA 4
1,5,5,CIUDAD AUTONOMA DE BS.AS.,,COMUNA 5
1,6,6,CIUDAD AUTONOMA DE BS.AS.,,COMUNA 6
1,7,7,CIUDAD AUTONOMA DE BS.AS.,,COMUNA 7
1,8,8,CIUDAD AUTONOMA DE BS.AS.,,COMUNA 8
1,9,9,CIUDAD AUTONOMA DE BS.AS.,,COMUNA 9
1,10,10,CIUDAD AUTONOMA DE BS.AS.,,COMUNA 10
1,11,11,CIUDAD AUTONOMA DE BS.AS.,,COMUNA 11
1,12,12,CIUDAD AUTONOMA DE BS.AS.,,COMUNA 12
1,13,13,CIUDAD AUTONOMA DE BS.AS.,,COMUNA 13
1,14,14,CIUDAD AUTONOMA DE BS.AS.,,COMUNA 14
1,15,15,CIUDAD AUTONOMA DE BS.AS.,,COMUNA 15
2,1,1,BUENOS AIRES,ADOLFO ALSINA,ADOLFO ALSINA
2,2,2,BUENOS AIRES,ALBERTI,ALBERTI
2,3,3,BUENOS AIRES,ALMIRANTE BROWN,ALMIRANTE BROWN
2,4,4,BUENOS AIRES,AVELLANEDA,AVELLANEDA
2,5,5,BUENOS AIRES,AYACUCHO,AYACUCHO
2,6,6,BUENOS AIRES,AZUL,AZUL
2,7,7,BUENOS AIRES,BAHIA BLANCA,BAHIA BLANCA
2,8,8,BUENOS AIRES,BALCARCE,BALCARCE
2,9,9,BUENOS AIRES,BARADERO,BARADERO
2,10,10,BUENOS AIRES,ARRECIFES,ARRECIFES
2,11,11,BUENOS AIRES,BERAZATEGUI,BERAZATEGUI
2,12,12,BUENOS AIRES,BERISSO,BERISSO
2,13,13,BUENOS AIRES,BOLIVAR,BOLIVAR
2,14,14,BUENOS AIRES,BRAGADO,BRAGADO
2,15,15,BUENOS AIRES,BRANDSEN,BRANDSEN
2,16,16,BUENOS AIRES,CAMPANA,CAMPANA
2,17,17,BUENOS AIRES,CAñUELAS,CAñUELAS
2,18,18,BUENOS AIRES,CAPITAN SARMIENTO,CAPITAN SARMIENTO
2,19,19,BUENOS AIRES,CARLOS CASARES,CARLOS CASARES
2,20,20,BUENOS AIRES,CARLOS TEJEDOR,CARLOS TEJEDOR
2,21,21,BUENOS AIRES,CARMEN DE ARECO,CARMEN DE ARECO
2,22,22,BUENOS AIRES,PATAGONES,PATAGONES
2,23,23,BUENOS AIRES,CASTELLI,CASTELLI
2,24,24,BUENOS AIRES,COLON,COLON
2,25,25,BUENOS AIRES,CORONEL DORREGO,CORONEL DORREGO
2,26,26,BUENOS AIRES,CORONEL PRINGLES,CORONEL PRINGLES
2,27,27,BUENOS AIRES,CORONEL ROSALES,CORONEL ROSALES
2,28,28,BUENOS AIRES,CORONEL SUAREZ,CORONEL SUAREZ
2,29,29,BUENOS AIRES,CHACABUCO,CHACABUCO
2,30,30,BUENOS AIRES,CHASCOMUS,CHASCOMUS
2,31,31,BUENOS AIRES,CHIVILCOY,CHIVILCOY
2,32,32,BUENOS AIRES,DAIREAUX,DAIREAUX
2,33,33,BUENOS AIRES,DOLORES,DOLORES
2,34,34,BUENOS AIRES,ENSENADA,ENSENADA
2,35,35,BUENOS AIRES,ESCOBAR,ESCOBAR
2,36,36,BUENOS AIRES,ESTEBAN ECHEVERRIA,ESTEBAN ECHEVERRIA
2,37,37,BUENOS AIRES,EXALTACION DE LA CRUZ,EXALTACION DE LA CRUZ
2,38,38,BUENOS AIRES,FLORENCIO VARELA,FLORENCIO VARELA
2,39,39,BUENOS AIRES,GENERAL ALVARADO,GENERAL ALVARADO
2,40,40,BUENOS AIRES,GENERAL ALVEAR,GENERAL ALVEAR
2,41,41,BUENOS AIRES,GENERAL ARENALES,GENERAL ARENALES
2,42,42,BUENOS AIRES,GENERAL BELGRANO,GENERAL BELGRANO
2,43,43,BUENOS AIRES,GENERAL GUIDO,GENERAL GUIDO
2,44,44,BUENOS AIRES,GENERAL LA MADRID,GENERAL LAMADRID
2,45,45,BUENOS AIRES,GENERAL LAS HERAS,LAS HERAS
2,46,46,BUENOS AIRES,GENERAL LAVALLE,GENERAL LAVALLE
2,47,47,BUENOS AIRES,GENERAL MADARIAGA,GENERAL MADARIAGA
2,48,48,BUENOS AIRES,GENERAL PAZ,GENERAL PAZ
2,49,49,BUENOS AIRES,GENERAL PINTO,GENERAL PINTO
2,50,50,BUENOS AIRES,GENERAL PUEYRREDON,GENERAL PUEYRREDON
2,51,51,BUENOS AIRES,GENERAL RODRIGUEZ,GENERAL RODRIGUEZ
2,52,52,BUENOS AIRES,GENERAL SAN MARTIN,GENERAL SAN MARTIN
2,53,53,BUENOS AIRES,SAN MIGUEL,SAN MIGUEL
2,54,54,BUENOS AIRES,GENERAL VIAMONTE,GENERAL VIAMONTE
2,55,55,BUENOS AIRES,GENERAL VILLEGAS,GENERAL VILLEGAS
2,56,56,BUENOS AIRES,ADOLFO GONZALES CHAVES,GONZALES CHAVES
2,57,57,BUENOS AIRES,GUAMINI,GUAMINI
2,58,58,BUENOS AIRES,HIPOLITO YRIGOYEN,HIPOLITO YRIGOYEN
2,59,59,BUENOS AIRES,BENITO JUAREZ,JUAREZ
2,60,60,BUENOS AIRES,JUNIN,JUNIN
2,61,61,BUENOS AIRES,LA MATANZA,MATANZA
2,62,62,BUENOS AIRES,LANUS,LANUS
2,63,63,BUENOS AIRES,LA PLATA,LA PLATA
2,64,64,BUENOS AIRES,LAPRIDA,LAPRIDA
2,65,65,BUENOS AIRES,LAS FLORES,LAS FLORES
2,66,66,BUENOS AIRES,LEANDRO N. ALEM,LEANDRO N. ALEM
2,67,67,BUENOS AIRES,LINCOLN,LINCOLN
2,68,68,BUENOS AIRES,LOBERIA,LOBERIA
2,69,69,BUENOS AIRES,LOBOS,LOBOS
2,70,70,BUENOS AIRES,LOMAS DE ZAMORA,LOMAS DE ZAMORA
2,71,71,BUENOS AIRES,LUJAN,LUJAN
2,72,72,BUENOS AIRES,MAGDALENA,MAGDALENA
2,73,73,BUENOS AIRES,MAIPU,MAIPU
2,74,74,BUENOS AIRES,MAR CHIQUITA,MAR CHIQUITA
2,75,75,BUENOS AIRES,MARCOS PAZ,MARCOS PAZ
2,76,76,BUENOS AIRES,MERCEDES,MERCEDES
2,77,77,BUENOS AIRES,MERLO,MERLO
2,78,78,BUENOS AIRES,MONTE,MONTE
2,79,79,BUENOS AIRES,MORENO,MORENO
2,80,80,BUENOS AIRES,MORON,MORON
2,81,81,BUENOS AIRES,NAVARRO,NAVARRO
2,82,82,BUENOS AIRES,NECOCHEA,NECOCHEA
2,83,83,BUENOS AIRES,9 DE JULIO,NUEVE DE JULIO
2,84,84,BUENOS AIRES,OLAVARRIA,OLAVARRIA
2,85,85,BUENOS AIRES,PEHUAJO,PEHUAJO
2,86,86,BUENOS AIRES,PELLEGRINI,PELLEGRINI
2,87,87,BUENOS AIRES,PERGAMINO,PERGAMINO
2,88,88,BUENOS AIRES,PILA,PILA
2,89,89,BUENOS AIRES,PILAR,PILAR
2,90,90,BUENOS AIRES,PINAMAR,PINAMAR
2,91,91,BUENOS AIRES,PUAN,PUAN
2,92,92,BUENOS AIRES,QUILMES,QUILMES
2,93,93,BUENOS AIRES,RAMALLO,RAMALLO
2,94,94,BUENOS AIRES,RAUCH,RAUCH
2,95,95,BUENOS AIRES,RIVADAVIA,RIVADAVIA
2,96,96,BUENOS AIRES,ROJAS,ROJAS
2,97,97,BUENOS AIRES,ROQUE PEREZ,ROQUE PEREZ
2,98,98,BUENOS AIRES,SAAVEDRA,SAAVEDRA
2,99,99,BUENOS AIRES,SALADILLO,SALADILLO
2,100,100,BUENOS AIRES,SALLIQUELO,SALLIQUELO
2,101,101,BUENOS AIRES,SALTO,SALTO
2,102,102,BUENOS AIRES,SAN ANDRES DE GILES,SAN ANDRES DE GILES
2,103,103,BUENOS AIRES,SAN ANTONIO DE ARECO,SAN ANTONIO DE ARECO
2,104,104,BUENOS AIRES,SAN CAYETANO,SAN CAYETANO
2,105,105,BUENOS AIRES,SAN FERNANDO,SAN FERNANDO
2,106,106,BUENOS AIRES,SAN ISIDRO,SAN ISIDRO
2,107,107,BUENOS AIRES,SAN NICOLAS,SAN NICOLAS
2,108,108,BUENOS AIRES,SAN PEDRO,SAN PEDRO
2,109,109,BUENOS AIRES,SAN VICENTE,SAN VICENTE
2,110,110,BUENOS AIRES,SUIPACHA,SUIPACHA
2,111,111,BUENOS AIRES,TANDIL,TANDIL
2,112,112,BUENOS AIRES,TAPALQUE,TAPALQUE
2,113,113,BUENOS AIRES,TIGRE,TIGRE
2,114,114,BUENOS AIRES,TORNQUIST,TORNQUIST
2,115,115,BUENOS AIRES,TRENQUE LAUQUEN,TRENQUE LAUQUEN
2,116,116,BUENOS AIRES,TORDILLO,TORDILLO
2,117,117,BUENOS AIRES,TRES ARROYOS,TRES ARROYOS
2,118,118,BUENOS AIRES,TRES DE FEBRERO,TRES DE FEBRERO
2,119,119,BUENOS AIRES,LA COSTA,LA COSTA
2,120,120,BUENOS AIRES,MONTE HERMOSO,MONTE HERMOSO
2,121,121,BUENOS AIRES,25 DE MAYO,VEINTICINCO DE MAYO
2,122,122,BUENOS AIRES,VICENTE LOPEZ,VICENTE LOPEZ
2,123,123,BUENOS AIRES,VILLA GESELL,VILLA GESELL
2,124,124,BUENOS AIRES,VILLARINO,VILLARINO
2,125,125,BUENOS AIRES,ZARATE,ZARATE
2,126,126,BUENOS AIRES,TRES LOMAS,TRES LOMAS
2,127,127,BUENOS AIRES,FLORENTINO AMEGHINO,F. AMEGHINO
2,128,128,BUENOS AIRES,PRESIDENTE PERON,PRESIDENTE PERON
2,129,129,BUENOS AIRES,JOSE C. PAZ,J. C. PAZ
2,130,130,BUENOS AIRES,MALVINAS ARGENTINAS,MALVINAS ARGENTINAS
2,131,131,BUENOS AIRES,PUNTA INDIO,PUNTA INDIO
2,132,132,BUENOS AIRES,EZEIZA,EZEIZA
2,133,133,BUENOS AIRES,ITUZAINGO,ITUZAINGO
2,134,134,BUENOS AIRES,HURLINGHAM,HURLINGHAM
2,135,135,BUENOS AIRES,LEZAMA,LEZAMA
3,1,35,CATAMARCA,SAN FERNANDO DEL VALLE DE CATAMARCA,CAPITAL
3,2,6,CATAMARCA,CAPAYAN,CAPAYAN
3,2,12,CATAMARCA,HUILLAPIMA,CAPAYAN
3,3,13,CATAMARCA,ICAñO,LA PAZ
3,3,23,CATAMARCA,RECREO,LA PAZ
3,4,2,CATAMARCA,ANCASTI,ANCASTI
3,5,8,CATAMARCA,EL ALTO,EL ALTO
3,5,31,CATAMARCA,TAPSO,EL ALTO
3,6,29,CATAMARCA,SANTA ROSA,SANTA ROSA
3,6,37,CATAMARCA,LOS ALTOS,SANTA ROSA
3,7,18,CATAMARCA,PACLIN,PACLIN
3,8,33,CATAMARCA,VALLE VIEJO,VALLE VIEJO
3,9,10,CATAMARCA,FRAY MAMERTO ESQUIU,FRAY MAMERTO ESQUIU
3,10,14,CATAMARCA,LA PUERTA,AMBATO
3,10,15,CATAMARCA,LAS JUNTAS,AMBATO
3,10,17,CATAMARCA,LOS VARELA,AMBATO
3,10,24,CATAMARCA,EL RODEO,AMBATO
3,11,19,CATAMARCA,POMAN,POMAN
3,11,30,CATAMARCA,SAUJIL,POMAN
3,11,36,CATAMARCA,MUTQUIN,POMAN
3,12,1,CATAMARCA,ACONQUIJA,ANDALGALA
3,12,3,CATAMARCA,ANDALGALA,ANDALGALA
3,13,5,CATAMARCA,BELEN,BELEN
3,13,7,CATAMARCA,CORRAL QUEMADO,BELEN
3,13,11,CATAMARCA,HUALFIN,BELEN
3,13,16,CATAMARCA,LONDRES,BELEN
3,13,20,CATAMARCA,POZO DE LA PIEDRA,BELEN
3,13,21,CATAMARCA,PUERTA DE CORRAL QUEMADO,BELEN
3,13,22,CATAMARCA,LA PUERTA DE SAN JOSE,BELEN
3,13,25,CATAMARCA,SAN FERNANDO,BELEN
3,13,34,CATAMARCA,VILLA VIL,BELEN
3,14,4,CATAMARCA,ANTOFAGASTA DE LA SIERRA,ANTOFAGASTA DE LA SIERRA
3,15,9,CATAMARCA,FIAMBALA,TINOGASTA
3,15,32,CATAMARCA,TINOGASTA,TINOGASTA
3,16,27,CATAMARCA,SAN JOSE,SANTA MARIA
3,16,28,CATAMARCA,SANTA MARIA,SANTA MARIA
4,1,112,CORDOBA,CORDOBA,CAPITAL
4,2,16,CORDOBA,AMBOY,CALAMUCHITA
4,2,50,CORDOBA,PARQUE CALMAYO,CALAMUCHITA
4,2,61,CORDOBA,VILLA CAñADA DEL SAUCE,CALAMUCHITA
4,2,148,CORDOBA,EMBALSE,CALAMUCHITA
4,2,198,CORDOBA,LA CRUZ,CALAMUCHITA
4,2,200,CORDOBA,LA CUMBRECITA,CALAMUCHITA
4,2,229,CORDOBA,LAS CALERAS,CALAMUCHITA
4,2,261,CORDOBA,LOS CONDORES,CALAMUCHITA
4,2,267,CORDOBA,LOS MOLINOS,CALAMUCHITA
4,2,269,CORDOBA,LOS REARTES,CALAMUCHITA
4,2,278,CORDOBA,LUTTI,CALAMUCHITA
4,2,355,CORDOBA,RIO DE LOS SAUCES,CALAMUCHITA
4,2,373,CORDOBA,SAN AGUSTIN,CALAMUCHITA
4,2,387,CORDOBA,SAN IGNACIO,CALAMUCHITA
4,2,410,CORDOBA,SANTA ROSA DE CALAMUCHITA,CALAMUCHITA
4,2,419,CORDOBA,SEGUNDA USINA,CALAMUCHITA
4,2,449,CORDOBA,VILLA AMANCAY,CALAMUCHITA
4,2,457,CORDOBA,VILLA CIUDAD PARQUE LOS REARTES,CALAMUCHITA
4,2,464,CORDOBA,VILLA DEL DIQUE,CALAMUCHITA
4,2,472,CORDOBA,VILLA GENERAL BELGRANO,CALAMUCHITA
4,2,484,CORDOBA,VILLA QUILLINZO,CALAMUCHITA
4,2,486,CORDOBA,VILLA RUMIPAL,CALAMUCHITA
4,2,509,CORDOBA,LAS BAJADAS,CALAMUCHITA
4,2,513,CORDOBA,VILLA YACANTO,CALAMUCHITA
4,3,3,CORDOBA,AGUA DE ORO,COLON
4,3,96,CORDOBA,COLONIA CAROYA,COLON
4,3,105,CORDOBA,COLONIA TIROLESA,COLON
4,3,107,CORDOBA,COLONIA VICENTE AGüERO,COLON
4,3,142,CORDOBA,EL MANZANO,COLON
4,3,151,CORDOBA,ESTACION GENERAL PAZ,COLON
4,3,152,CORDOBA,ESTACION JUAREZ CELMAN,COLON
4,3,183,CORDOBA,JESUS MARIA,COLON
4,3,190,CORDOBA,LA CALERA,COLON
4,3,204,CORDOBA,LA GRANJA,COLON
4,3,283,CORDOBA,MALVINAS ARGENTINAS,COLON
4,3,294,CORDOBA,MENDIOLAZA,COLON
4,3,295,CORDOBA,MI GRANJA,COLON
4,3,353,CORDOBA,RIO CEBALLOS,COLON
4,3,369,CORDOBA,SALDAN,COLON
4,3,371,CORDOBA,SALSIPUEDES,COLON
4,3,433,CORDOBA,TINOCO,COLON
4,3,443,CORDOBA,UNQUILLO,COLON
4,3,448,CORDOBA,VILLA ALLENDE,COLON
4,3,455,CORDOBA,VILLA CERRO AZUL,COLON
4,4,14,CORDOBA,ALTO DE LOS QUEBRACHOS,CRUZ DEL EJE
4,4,35,CORDOBA,BAñADO DE SOTO,CRUZ DEL EJE
4,4,122,CORDOBA,CRUZ DE CAñA,CRUZ DEL EJE
4,4,123,CORDOBA,CRUZ DEL EJE,CRUZ DEL EJE
4,4,135,CORDOBA,EL BRETE,CRUZ DEL EJE
4,4,165,CORDOBA,GUANACO MUERTO,CRUZ DEL EJE
4,4,189,CORDOBA,LA BATEA,CRUZ DEL EJE
4,4,205,CORDOBA,LA HIGUERA,CRUZ DEL EJE
4,4,231,CORDOBA,LAS CAñADAS,CRUZ DEL EJE
4,4,243,CORDOBA,LAS PLAYAS,CRUZ DEL EJE
4,4,258,CORDOBA,LOS CHAñARITOS (C.E.),CRUZ DEL EJE
4,4,292,CORDOBA,MEDIA NARANJA,CRUZ DEL EJE
4,4,328,CORDOBA,PASO VIEJO,CRUZ DEL EJE
4,4,394,CORDOBA,SAN MARCOS SIERRAS,CRUZ DEL EJE
4,4,421,CORDOBA,SERREZUELA,CRUZ DEL EJE
4,4,441,CORDOBA,TUCLAME,CRUZ DEL EJE
4,4,463,CORDOBA,VILLA DE SOTO,CRUZ DEL EJE
4,4,666,CORDOBA,,CRUZ DEL EJE
4,5,43,CORDOBA,BUCHARDO,GENERAL ROCA
4,5,127,CORDOBA,DEL CAMPILLO,GENERAL ROCA
4,5,173,CORDOBA,HUINCA RENANCO,GENERAL ROCA
4,5,180,CORDOBA,ITALO,GENERAL ROCA
4,5,185,CORDOBA,JOVITA,GENERAL ROCA
4,5,289,CORDOBA,MATTALDI,GENERAL ROCA
4,5,309,CORDOBA,NICOLAS BRUZZONE,GENERAL ROCA
4,5,317,CORDOBA,ONAGOYTI,GENERAL ROCA
4,5,333,CORDOBA,PINCEN,GENERAL ROCA
4,5,349,CORDOBA,RANQUELES,GENERAL ROCA
4,5,475,CORDOBA,VILLA HUIDOBRO,GENERAL ROCA
4,5,491,CORDOBA,VILLA SARMIENTO,GENERAL ROCA
4,5,494,CORDOBA,VILLA VALERIA,GENERAL ROCA
4,5,666,CORDOBA,,GENERAL ROCA
4,6,22,CORDOBA,ARROYO ALGODON,GENERAL SAN MARTIN
4,6,23,CORDOBA,ARROYO CABRAL,GENERAL SAN MARTIN
4,6,28,CORDOBA,AUSONIA,GENERAL SAN MARTIN
4,6,155,CORDOBA,ETRURIA,GENERAL SAN MARTIN
4,6,207,CORDOBA,LA LAGUNA,GENERAL SAN MARTIN
4,6,209,CORDOBA,LA PALESTINA,GENERAL SAN MARTIN
4,6,215,CORDOBA,LA PLAYOSA,GENERAL SAN MARTIN
4,6,275,CORDOBA,LUCA,GENERAL SAN MARTIN
4,6,326,CORDOBA,PASCO,GENERAL SAN MARTIN
4,6,422,CORDOBA,SILVIO PELLICO,GENERAL SAN MARTIN
4,6,432,CORDOBA,TICINO,GENERAL SAN MARTIN
4,6,434,CORDOBA,TIO PUJIO,GENERAL SAN MARTIN
4,6,480,CORDOBA,VILLA MARIA,GENERAL SAN MARTIN
4,6,481,CORDOBA,VILLA NUEVA,GENERAL SAN MARTIN
4,6,502,CORDOBA,CHAZON,GENERAL SAN MARTIN
4,6,666,CORDOBA,,GENERAL SAN MARTIN
4,7,29,CORDOBA,AVELLANEDA,ISCHILIN
4,7,60,CORDOBA,CAñADA DE RIO PINTO,ISCHILIN
4,7,83,CORDOBA,CHUñA,ISCHILIN
4,7,111,CORDOBA,COPACABANA,ISCHILIN
4,7,126,CORDOBA,DEAN FUNES,ISCHILIN
4,7,268,CORDOBA,LOS POZOS,ISCHILIN
4,7,316,CORDOBA,OLIVARES DE SAN NICOLAS,ISCHILIN
4,7,347,CORDOBA,QUILINO,ISCHILIN
4,7,474,CORDOBA,VILLA GUTIERREZ,ISCHILIN
4,7,666,CORDOBA,,ISCHILIN
4,8,7,CORDOBA,ALEJANDRO ROCA,JUAREZ CELMAN
4,8,25,CORDOBA,ASSUNTA,JUAREZ CELMAN
4,8,37,CORDOBA,BENGOLEA,JUAREZ CELMAN
4,8,69,CORDOBA,CARNERILLO,JUAREZ CELMAN
4,8,80,CORDOBA,CHARRAS,JUAREZ CELMAN
4,8,143,CORDOBA,EL RASTREADOR,JUAREZ CELMAN
4,8,160,CORDOBA,GENERAL CABRERA,JUAREZ CELMAN
4,8,161,CORDOBA,GENERAL DEHEZA,JUAREZ CELMAN
4,8,171,CORDOBA,HUANCHILLA,JUAREZ CELMAN
4,8,193,CORDOBA,LA CARLOTA,JUAREZ CELMAN
4,8,259,CORDOBA,LOS CISNES,JUAREZ CELMAN
4,8,314,CORDOBA,OLAETA,JUAREZ CELMAN
4,8,320,CORDOBA,PACHECO DE MELO,JUAREZ CELMAN
4,8,327,CORDOBA,PASO DEL DURAZNO,JUAREZ CELMAN
4,8,351,CORDOBA,REDUCCION,JUAREZ CELMAN
4,8,406,CORDOBA,SANTA EUFEMIA,JUAREZ CELMAN
4,8,442,CORDOBA,UCACHA,JUAREZ CELMAN
4,9,8,CORDOBA,ALEJO LEDESMA,MARCOS JUAREZ
4,9,20,CORDOBA,ARIAS,MARCOS JUAREZ
4,9,51,CORDOBA,CAMILO ALDAO,MARCOS JUAREZ
4,9,67,CORDOBA,CAPITAN GENERAL BERNARDO O'HIGGINS,MARCOS JUAREZ
4,9,72,CORDOBA,CAVANAGH,MARCOS JUAREZ
4,9,93,CORDOBA,COLONIA BARGE,MARCOS JUAREZ
4,9,97,CORDOBA,COLONIA ITALIANA,MARCOS JUAREZ
4,9,115,CORDOBA,CORRAL DE BUSTOS,MARCOS JUAREZ
4,9,121,CORDOBA,CRUZ ALTA,MARCOS JUAREZ
4,9,159,CORDOBA,GENERAL BALDISSERA,MARCOS JUAREZ
4,9,164,CORDOBA,GENERAL ROCA,MARCOS JUAREZ
4,9,167,CORDOBA,GUATIMOZIN,MARCOS JUAREZ
4,9,176,CORDOBA,INRIVILLE,MARCOS JUAREZ
4,9,179,CORDOBA,ISLA VERDE,MARCOS JUAREZ
4,9,253,CORDOBA,LEONES,MARCOS JUAREZ
4,9,271,CORDOBA,LOS SURGENTES,MARCOS JUAREZ
4,9,286,CORDOBA,MARCOS JUAREZ,MARCOS JUAREZ
4,9,300,CORDOBA,MONTE BUEY,MARCOS JUAREZ
4,9,367,CORDOBA,SAIRA,MARCOS JUAREZ
4,9,368,CORDOBA,SALADILLO,MARCOS JUAREZ
4,9,470,CORDOBA,VILLA ELISA,MARCOS JUAREZ
4,10,87,CORDOBA,CIENAGA DEL CORO,MINAS
4,10,136,CORDOBA,EL CHACHO,MINAS
4,10,153,CORDOBA,ESTANCIA DE GUADALUPE,MINAS
4,10,166,CORDOBA,GUASAPAMPA,MINAS
4,10,214,CORDOBA,LA PLAYA,MINAS
4,10,380,CORDOBA,SAN CARLOS MINAS,MINAS
4,10,429,CORDOBA,TALAINI,MINAS
4,10,437,CORDOBA,TOSNO,MINAS
4,10,666,CORDOBA,,MINAS
4,11,77,CORDOBA,CHANCANI,POCHO
4,11,239,CORDOBA,LAS PALMAS,POCHO
4,11,272,CORDOBA,LOS TALARES,POCHO
4,11,370,CORDOBA,SALSACATE,POCHO
4,11,386,CORDOBA,SAN GERONIMO,POCHO
4,11,427,CORDOBA,TALA CAñADA,POCHO
4,11,462,CORDOBA,VILLA DE POCHO,POCHO
4,12,40,CORDOBA,BIALET MASSE,PUNILLA
4,12,46,CORDOBA,CABALANGO,PUNILLA
4,12,65,CORDOBA,CAPILLA DEL MONTE,PUNILLA
4,12,71,CORDOBA,CASA GRANDE,PUNILLA
4,12,79,CORDOBA,CHARBONIER,PUNILLA
4,12,119,CORDOBA,COSQUIN,PUNILLA
4,12,124,CORDOBA,CUESTA BLANCA,PUNILLA
4,12,154,CORDOBA,ESTANCIA VIEJA,PUNILLA
4,12,172,CORDOBA,HUERTA GRANDE,PUNILLA
4,12,199,CORDOBA,LA CUMBRE,PUNILLA
4,12,201,CORDOBA,LA FALDA,PUNILLA
4,12,260,CORDOBA,LOS COCOS,PUNILLA
4,12,290,CORDOBA,MAYU SUMAJ,PUNILLA
4,12,376,CORDOBA,SAN ANTONIO DE ARREDONDO,PUNILLA
4,12,382,CORDOBA,SAN ESTEBAN,PUNILLA
4,12,399,CORDOBA,SAN ROQUE,PUNILLA
4,12,408,CORDOBA,SANTA MARIA,PUNILLA
4,12,428,CORDOBA,TALA HUASI,PUNILLA
4,12,431,CORDOBA,TANTI,PUNILLA
4,12,445,CORDOBA,VALLE HERMOSO,PUNILLA
4,12,454,CORDOBA,VILLA CARLOS PAZ,PUNILLA
4,12,473,CORDOBA,VILLA GIARDINO,PUNILLA
4,12,483,CORDOBA,VILLA PARQUE SIQUIMAN,PUNILLA
4,12,490,CORDOBA,VILLA SANTA CRUZ DEL LAGO,PUNILLA
4,12,497,CORDOBA,VILLA YCHO CRUZ (ICHO CRUZ),PUNILLA
4,13,1,CORDOBA,ACHIRAS,RIO CUARTO
4,13,2,CORDOBA,ADELIA MARIA,RIO CUARTO
4,13,5,CORDOBA,ALCIRA,RIO CUARTO
4,13,39,CORDOBA,BERROTARAN,RIO CUARTO
4,13,45,CORDOBA,BULNES,RIO CUARTO
4,13,74,CORDOBA,CHAJAN,RIO CUARTO
4,13,82,CORDOBA,CHUCUL,RIO CUARTO
4,13,113,CORDOBA,CORONEL BAIGORRIA,RIO CUARTO
4,13,114,CORDOBA,CORONEL MOLDES,RIO CUARTO
4,13,147,CORDOBA,ELENA,RIO CUARTO
4,13,194,CORDOBA,"LA CAROLINA ""EL POTOSI""",RIO CUARTO
4,13,195,CORDOBA,LA CAUTIVA,RIO CUARTO
4,13,227,CORDOBA,LAS ACEQUIAS,RIO CUARTO
4,13,228,CORDOBA,LAS ALBAHACAS,RIO CUARTO
4,13,235,CORDOBA,LAS HIGUERAS,RIO CUARTO
4,13,241,CORDOBA,LAS PEñAS SUD,RIO CUARTO
4,13,249,CORDOBA,LAS VERTIENTES,RIO CUARTO
4,13,262,CORDOBA,LOS CUATRO VIENTOS,RIO CUARTO
4,13,282,CORDOBA,MALENA,RIO CUARTO
4,13,302,CORDOBA,MONTE DE LOS GAUCHOS,RIO CUARTO
4,13,354,CORDOBA,RIO CUARTO,RIO CUARTO
4,13,372,CORDOBA,SAMPACHO,RIO CUARTO
4,13,379,CORDOBA,SAN BASILIO,RIO CUARTO
4,13,425,CORDOBA,SUCO,RIO CUARTO
4,13,438,CORDOBA,TOSQUITA,RIO CUARTO
4,13,447,CORDOBA,VICUñA MACKENNA,RIO CUARTO
4,13,469,CORDOBA,VILLA EL CHACAY,RIO CUARTO
4,13,495,CORDOBA,WASHINGTON,RIO CUARTO
4,13,501,CORDOBA,ALPA CORRAL,RIO CUARTO
4,13,512,CORDOBA,SANTA CATALINA (R.C.),RIO CUARTO
4,13,666,CORDOBA,,RIO CUARTO
4,14,26,CORDOBA,ATAHONA,RIO PRIMERO
4,14,59,CORDOBA,CAñADA DE MACHADO,RIO PRIMERO
4,14,63,CORDOBA,CAPILLA DE LOS REMEDIOS,RIO PRIMERO
4,14,75,CORDOBA,CHALACEA,RIO PRIMERO
4,14,130,CORDOBA,DIEGO DE ROJAS,RIO PRIMERO
4,14,137,CORDOBA,EL CRISPIN,RIO PRIMERO
4,14,150,CORDOBA,ESQUINA,RIO PRIMERO
4,14,187,CORDOBA,KILOMETRO 658,RIO PRIMERO
4,14,212,CORDOBA,LA PARA,RIO PRIMERO
4,14,217,CORDOBA,LA PUERTA,RIO PRIMERO
4,14,218,CORDOBA,LA QUINTA,RIO PRIMERO
4,14,233,CORDOBA,LAS GRAMILIAS,RIO PRIMERO
4,14,245,CORDOBA,LAS SALADAS,RIO PRIMERO
4,14,285,CORDOBA,MAQUINISTA GALLINI,RIO PRIMERO
4,14,301,CORDOBA,MONTE CRISTO,RIO PRIMERO
4,14,312,CORDOBA,OBISPO TREJO,RIO PRIMERO
4,14,334,CORDOBA,PIQUILLIN,RIO PRIMERO
4,14,335,CORDOBA,PLAZA DE MERCEDES,RIO PRIMERO
4,14,357,CORDOBA,RIO PRIMERO,RIO PRIMERO
4,14,366,CORDOBA,SAGRADA FAMILIA,RIO PRIMERO
4,14,411,CORDOBA,SANTA ROSA DE RIO PRIMERO,RIO PRIMERO
4,14,471,CORDOBA,VILLA FONTANA,RIO PRIMERO
4,14,503,CORDOBA,COLONIA LAS CUATRO ESQUINAS,RIO PRIMERO
4,14,504,CORDOBA,COMECHINGONES,RIO PRIMERO
4,14,507,CORDOBA,LA POSTA,RIO PRIMERO
4,14,666,CORDOBA,,RIO PRIMERO
4,15,73,CORDOBA,CERRO COLORADO,RIO SECO
4,15,78,CORDOBA,CHAñAR VIEJO,RIO SECO
4,15,156,CORDOBA,EUFRASIO LOZA,RIO SECO
4,15,168,CORDOBA,GUTEMBERG,RIO SECO
4,15,220,CORDOBA,LA RINCONADA,RIO SECO
4,15,264,CORDOBA,LOS HOYOS,RIO SECO
4,15,342,CORDOBA,PUESTO DE CASTRO,RIO SECO
4,15,350,CORDOBA,RAYO CORTADO,RIO SECO
4,15,405,CORDOBA,SANTA ELENA,RIO SECO
4,15,417,CORDOBA,SEBASTIAN ELCANO,RIO SECO
4,15,453,CORDOBA,VILLA CANDELARIA NORTE,RIO SECO
4,15,461,CORDOBA,VILLA DE MARIA,RIO SECO
4,15,666,CORDOBA,,RIO SECO
4,16,47,CORDOBA,CALCHIN,RIO SEGUNDO
4,16,48,CORDOBA,CALCHIN OESTE,RIO SEGUNDO
4,16,64,CORDOBA,CAPILLA DEL CARMEN,RIO SEGUNDO
4,16,70,CORDOBA,CARRILOBO,RIO SEGUNDO
4,16,90,CORDOBA,COLAZO,RIO SEGUNDO
4,16,108,CORDOBA,COLONIA VIDELA,RIO SEGUNDO
4,16,120,CORDOBA,COSTASACATE,RIO SEGUNDO
4,16,226,CORDOBA,LAGUNA LARGA,RIO SEGUNDO
4,16,237,CORDOBA,LAS JUNTURAS,RIO SEGUNDO
4,16,257,CORDOBA,LOS CHAñARITOS,RIO SEGUNDO
4,16,277,CORDOBA,LUQUE,RIO SEGUNDO
4,16,284,CORDOBA,MANFREDI,RIO SEGUNDO
4,16,288,CORDOBA,MATORRALES,RIO SEGUNDO
4,16,318,CORDOBA,ONCATIVO,RIO SEGUNDO
4,16,332,CORDOBA,PILAR,RIO SEGUNDO
4,16,339,CORDOBA,POZO DEL MOLLE,RIO SEGUNDO
4,16,352,CORDOBA,RINCON,RIO SEGUNDO
4,16,358,CORDOBA,RIO SEGUNDO,RIO SEGUNDO
4,16,413,CORDOBA,SANTIAGO TEMPLE,RIO SEGUNDO
4,16,466,CORDOBA,VILLA DEL ROSARIO,RIO SEGUNDO
4,16,506,CORDOBA,IMPIRA,RIO SEGUNDO
4,16,666,CORDOBA,,RIO SEGUNDO
4,17,163,CORDOBA,GENERAL LEVALLE,ROQUE SAENZ PEñA
4,17,196,CORDOBA,LA CESIRA,ROQUE SAENZ PEñA
4,17,225,CORDOBA,LABOULAYE,ROQUE SAENZ PEñA
4,17,252,CORDOBA,LEGUIZAMON,ROQUE SAENZ PEñA
4,17,293,CORDOBA,MELO,ROQUE SAENZ PEñA
4,17,360,CORDOBA,RIOBAMBA,ROQUE SAENZ PEñA
4,17,361,CORDOBA,ROSALES,ROQUE SAENZ PEñA
4,17,389,CORDOBA,SAN JOAQUIN,ROQUE SAENZ PEñA
4,17,420,CORDOBA,SERRANO,ROQUE SAENZ PEñA
4,17,485,CORDOBA,VILLA ROSSI,ROQUE SAENZ PEñA
4,18,17,CORDOBA,AMBUL,SAN ALBERTO
4,18,24,CORDOBA,ARROYO DE LOS PATOS,SAN ALBERTO
4,18,230,CORDOBA,LAS CALLES,SAN ALBERTO
4,18,244,CORDOBA,LAS RABONAS,SAN ALBERTO
4,18,296,CORDOBA,MINA CLAVERO,SAN ALBERTO
4,18,311,CORDOBA,NONO,SAN ALBERTO
4,18,324,CORDOBA,PANAHOLMA,SAN ALBERTO
4,18,393,CORDOBA,SAN LORENZO,SAN ALBERTO
4,18,396,CORDOBA,SAN PEDRO,SAN ALBERTO
4,18,400,CORDOBA,SAN VICENTE,SAN ALBERTO
4,18,416,CORDOBA,SAUCE ARRIBA,SAN ALBERTO
4,18,459,CORDOBA,VILLA CURA BROCHERO,SAN ALBERTO
4,18,492,CORDOBA,VILLA SARMIENTO (S.A.),SAN ALBERTO
4,18,666,CORDOBA,,SAN ALBERTO
4,19,110,CORDOBA,CONLARA,SAN JAVIER
4,19,213,CORDOBA,LA PAZ,SAN JAVIER
4,19,216,CORDOBA,LA POBLACION,SAN JAVIER
4,19,246,CORDOBA,LAS TAPIAS,SAN JAVIER
4,19,255,CORDOBA,LOS CERRILLOS,SAN JAVIER
4,19,263,CORDOBA,LOS HORNILLOS,SAN JAVIER
4,19,279,CORDOBA,LUYABA,SAN JAVIER
4,19,388,CORDOBA,SAN JAVIER Y YACANTO,SAN JAVIER
4,19,390,CORDOBA,SAN JOSE,SAN JAVIER
4,19,460,CORDOBA,VILLA DE LAS ROSAS,SAN JAVIER
4,19,468,CORDOBA,VILLA DOLORES,SAN JAVIER
4,20,9,CORDOBA,ALICIA,SAN JUSTO
4,20,15,CORDOBA,ALTOS DE CHIPION,SAN JUSTO
4,20,21,CORDOBA,ARROYITO,SAN JUSTO
4,20,34,CORDOBA,BALNEARIA,SAN JUSTO
4,20,42,CORDOBA,BRINKMANN,SAN JUSTO
4,20,92,CORDOBA,COLONIA ANITA,SAN JUSTO
4,20,98,CORDOBA,COLONIA ITURRASPE,SAN JUSTO
4,20,100,CORDOBA,COLONIA LAS PICHANAS,SAN JUSTO
4,20,101,CORDOBA,COLONIA MARINA,SAN JUSTO
4,20,102,CORDOBA,COLONIA PROSPERIDAD,SAN JUSTO
4,20,103,CORDOBA,COLONIA SAN BARTOLOME,SAN JUSTO
4,20,104,CORDOBA,COLONIA SAN PEDRO,SAN JUSTO
4,20,106,CORDOBA,COLONIA VALTELINA,SAN JUSTO
4,20,109,CORDOBA,COLONIA VIGNAUD,SAN JUSTO
4,20,129,CORDOBA,DEVOTO,SAN JUSTO
4,20,133,CORDOBA,EL ARAñADO,SAN JUSTO
4,20,139,CORDOBA,EL FORTIN,SAN JUSTO
4,20,145,CORDOBA,EL TIO,SAN JUSTO
4,20,158,CORDOBA,FREYRE,SAN JUSTO
4,20,202,CORDOBA,LA FRANCIA,SAN JUSTO
4,20,211,CORDOBA,LA PAQUITA,SAN JUSTO
4,20,223,CORDOBA,LA TORDILLA,SAN JUSTO
4,20,247,CORDOBA,LAS VARAS,SAN JUSTO
4,20,248,CORDOBA,LAS VARILLAS,SAN JUSTO
4,20,287,CORDOBA,MARULL,SAN JUSTO
4,20,297,CORDOBA,MIRAMAR,SAN JUSTO
4,20,308,CORDOBA,MORTEROS,SAN JUSTO
4,20,336,CORDOBA,PLAZA LUXARDO,SAN JUSTO
4,20,337,CORDOBA,PORTEñA,SAN JUSTO
4,20,346,CORDOBA,QUEBRACHO HERRADO,SAN JUSTO
4,20,365,CORDOBA,SACANTA,SAN JUSTO
4,20,383,CORDOBA,SAN FRANCISCO,SAN JUSTO
4,20,415,CORDOBA,SATURNINO MARIA LASPIUR,SAN JUSTO
4,20,418,CORDOBA,SEEBER,SAN JUSTO
4,20,436,CORDOBA,TORO PUJIO,SAN JUSTO
4,20,440,CORDOBA,TRANSITO,SAN JUSTO
4,20,458,CORDOBA,VILLA CONCEPCION DEL TIO,SAN JUSTO
4,20,487,CORDOBA,VILLA SAN ESTEBAN,SAN JUSTO
4,21,11,CORDOBA,ALTA GRACIA,SANTA MARIA
4,21,19,CORDOBA,ANISACATE,SANTA MARIA
4,21,41,CORDOBA,BOWER,SANTA MARIA
4,21,128,CORDOBA,DESPEñADEROS,SANTA MARIA
4,21,157,CORDOBA,FALDA DEL CARMEN,SANTA MARIA
4,21,208,CORDOBA,LA PAISANITA,SANTA MARIA
4,21,219,CORDOBA,LA RANCHERITA,SANTA MARIA
4,21,221,CORDOBA,LA SERRANITA,SANTA MARIA
4,21,254,CORDOBA,LOS CEDROS,SANTA MARIA
4,21,274,CORDOBA,LOZADA,SANTA MARIA
4,21,281,CORDOBA,MALAGUEñO,SANTA MARIA
4,21,306,CORDOBA,MONTE RALO,SANTA MARIA
4,21,338,CORDOBA,POTRERO DE GARAY,SANTA MARIA
4,21,381,CORDOBA,SAN CLEMENTE,SANTA MARIA
4,21,435,CORDOBA,TOLEDO,SANTA MARIA
4,21,444,CORDOBA,VALLE DE ANISACATE,SANTA MARIA
4,21,456,CORDOBA,VILLA CIUDAD DE AMERICA,SANTA MARIA
4,21,465,CORDOBA,VILLA DEL PRADO,SANTA MARIA
4,21,476,CORDOBA,VILLA LA BOLSA,SANTA MARIA
4,21,478,CORDOBA,VILLA LOS AROMOS,SANTA MARIA
4,21,482,CORDOBA,VILLA PARQUE SANTA ANA,SANTA MARIA
4,21,488,CORDOBA,VILLA SAN ISIDRO,SANTA MARIA
4,21,505,CORDOBA,DIQUE CHICO,SANTA MARIA
4,21,511,CORDOBA,RAFAEL GARCIA,SANTA MARIA
4,21,666,CORDOBA,,SANTA MARIA
4,22,52,CORDOBA,CAMINIAGA,SOBREMONTE
4,22,84,CORDOBA,CHUñA HUASI,SOBREMONTE
4,22,340,CORDOBA,POZO NUEVO,SOBREMONTE
4,22,385,CORDOBA,SAN FRANCISCO DEL CHAñAR,SOBREMONTE
4,23,10,CORDOBA,ALMAFUERTE,TERCERO ARRIBA
4,23,91,CORDOBA,COLONIA ALMADA,TERCERO ARRIBA
4,23,117,CORDOBA,CORRALITO,TERCERO ARRIBA
4,23,125,CORDOBA,DALMACIO VELEZ,TERCERO ARRIBA
4,23,162,CORDOBA,GENERAL FOTHERINGHAM,TERCERO ARRIBA
4,23,169,CORDOBA,HERNANDO,TERCERO ARRIBA
4,23,182,CORDOBA,JAMES CRAICK,TERCERO ARRIBA
4,23,236,CORDOBA,LAS ISLETILLAS,TERCERO ARRIBA
4,23,242,CORDOBA,LAS PERDICES,TERCERO ARRIBA
4,23,273,CORDOBA,LOS ZORROS,TERCERO ARRIBA
4,23,315,CORDOBA,OLIVA,TERCERO ARRIBA
4,23,322,CORDOBA,PAMPAYASTA NORTE,TERCERO ARRIBA
4,23,323,CORDOBA,PAMPAYASTA SUD,TERCERO ARRIBA
4,23,344,CORDOBA,PUNTA DEL AGUA,TERCERO ARRIBA
4,23,359,CORDOBA,RIO TERCERO,TERCERO ARRIBA
4,23,430,CORDOBA,TANCACHA,TERCERO ARRIBA
4,23,450,CORDOBA,VILLA ASCASUBI,TERCERO ARRIBA
4,24,55,CORDOBA,CANDELARIA SUD,TOTORAL
4,24,58,CORDOBA,CAñADA DE LUQUE,TOTORAL
4,24,66,CORDOBA,CAPILLA DEL SITON,TOTORAL
4,24,210,CORDOBA,LA PAMPA,TOTORAL
4,24,240,CORDOBA,LAS PEñAS,TOTORAL
4,24,266,CORDOBA,LOS MISTOLES,TOTORAL
4,24,414,CORDOBA,SARMIENTO,TOTORAL
4,24,423,CORDOBA,SIMBOLAR,TOTORAL
4,24,424,CORDOBA,SINSACATE,TOTORAL
4,24,467,CORDOBA,VILLA DEL TOTORAL,TOTORAL
4,24,666,CORDOBA,,TOTORAL
4,25,85,CORDOBA,CHURQUI CAñADA,TULUMBA
4,25,144,CORDOBA,EL RODEO,TULUMBA
4,25,276,CORDOBA,LUCIO VICTORIO MANSILLA,TULUMBA
4,25,362,CORDOBA,ROSARIO DEL SALADILLO,TULUMBA
4,25,391,CORDOBA,SAN JOSE DE LA DORMIDA,TULUMBA
4,25,392,CORDOBA,SAN JOSE DE LAS SALINAS,TULUMBA
4,25,397,CORDOBA,SAN PEDRO NORTE,TULUMBA
4,25,493,CORDOBA,VILLA TULUMBA,TULUMBA
4,25,508,CORDOBA,LAS ARRIAS,TULUMBA
4,25,666,CORDOBA,,TULUMBA
4,26,6,CORDOBA,ALDEA SANTA MARIA,UNION
4,26,13,CORDOBA,ALTO ALEGRE,UNION
4,26,18,CORDOBA,ANA ZUMARAN,UNION
4,26,32,CORDOBA,BALLESTEROS,UNION
4,26,33,CORDOBA,BALLESTEROS SUD,UNION
4,26,36,CORDOBA,BELL VILLE,UNION
4,26,38,CORDOBA,BENJAMIN GOULD,UNION
4,26,53,CORDOBA,CANALS,UNION
4,26,81,CORDOBA,CHILIBROSTE,UNION
4,26,88,CORDOBA,CINTRA,UNION
4,26,94,CORDOBA,COLONIA BISMARCK,UNION
4,26,95,CORDOBA,COLONIA BREMEN,UNION
4,26,174,CORDOBA,IDIAZABAL,UNION
4,26,186,CORDOBA,JUSTINIANO POSSE,UNION
4,26,224,CORDOBA,LABORDE,UNION
4,26,304,CORDOBA,MONTE LEñA,UNION
4,26,305,CORDOBA,MONTE MAIZ,UNION
4,26,307,CORDOBA,MORRISON,UNION
4,26,310,CORDOBA,NOETINGER,UNION
4,26,319,CORDOBA,ORDOñEZ,UNION
4,26,325,CORDOBA,PASCANAS,UNION
4,26,377,CORDOBA,SAN ANTONIO DE LITIN,UNION
4,26,395,CORDOBA,SAN MARCOS SUD,UNION
4,26,446,CORDOBA,VIAMONTE,UNION
4,26,479,CORDOBA,VILLA LOS PATOS,UNION
4,26,496,CORDOBA,WENCESLAO ESCALANTE,UNION
4,26,510,CORDOBA,PUEBLO ITALIANO,UNION
4,26,666,CORDOBA,,UNION
5,1,11,CORRIENTES,CORRIENTES,CAPITAL
5,1,48,CORRIENTES,RIACHUELO,CAPITAL
5,2,22,CORRIENTES,GOYA,GOYA
5,2,67,CORRIENTES,COLONIA CAROLINA,GOYA
5,2,503,CORRIENTES,SAN ISIDRO,GOYA
5,3,13,CORRIENTES,CURUZU CUATIA,CURUZU CUATIA
5,3,45,CORRIENTES,PERUGORRIA,CURUZU CUATIA
5,4,18,CORRIENTES,FELIPE YOFRE,MERCEDES
5,4,34,CORRIENTES,MARIANO I. LOZA,MERCEDES
5,4,36,CORRIENTES,MERCEDES,MERCEDES
5,5,16,CORRIENTES,ESQUINA,ESQUINA
5,5,46,CORRIENTES,PUEBLO LIBERTADOR,ESQUINA
5,6,12,CORRIENTES,CRUZ DE LOS MILAGROS,LAVALLE
5,6,21,CORRIENTES,GOBERNADOR MARTINEZ,LAVALLE
5,6,31,CORRIENTES,PUERTO LAVALLE,LAVALLE
5,6,58,CORRIENTES,SANTA LUCIA,LAVALLE
5,6,66,CORRIENTES,YATAYTI CALLE,LAVALLE
5,7,19,CORRIENTES,GARRUCHOS,SANTO TOME
5,7,20,CORRIENTES,GOBERNADOR VIRASORO,SANTO TOME
5,7,28,CORRIENTES,JOSE RAFAEL GOMEZ,SANTO TOME
5,7,59,CORRIENTES,SANTO TOME,SANTO TOME
5,8,4,CORRIENTES,BONPLAND,PASO DE LOS LIBRES
5,8,41,CORRIENTES,PARADA PUCHETA,PASO DE LOS LIBRES
5,8,43,CORRIENTES,PASO DE LOS LIBRES,PASO DE LOS LIBRES
5,8,62,CORRIENTES,TAPEBICUA,PASO DE LOS LIBRES
5,9,7,CORRIENTES,COLONIA LIBERTAD,MONTE CASEROS
5,9,29,CORRIENTES,JUAN PUJOL,MONTE CASEROS
5,9,37,CORRIENTES,MOCORETA,MONTE CASEROS
5,9,38,CORRIENTES,MONTE CASEROS,MONTE CASEROS
5,10,24,CORRIENTES,HERLITZKA,SAN LUIS DEL PALMAR
5,10,54,CORRIENTES,SAN LUIS DEL PALMAR,SAN LUIS DEL PALMAR
5,11,2,CORRIENTES,BELLA VISTA,BELLA VISTA
5,11,504,CORRIENTES,TRES DE ABRIL,BELLA VISTA
5,12,15,CORRIENTES,EMPEDRADO,EMPEDRADO
5,13,14,CORRIENTES,CHAVARRIA,SAN ROQUE
5,13,39,CORRIENTES,9 DE JULIO,SAN ROQUE
5,13,44,CORRIENTES,PEDRO R. FERNANDEZ,SAN ROQUE
5,13,56,CORRIENTES,SAN ROQUE,SAN ROQUE
5,13,501,CORRIENTES,COLONIA PANDO,SAN ROQUE
5,14,5,CORRIENTES,CAA CATI,GENERAL PAZ
5,14,25,CORRIENTES,ITA IBATE,GENERAL PAZ
5,14,32,CORRIENTES,LOMAS DE VALLEJOS,GENERAL PAZ
5,14,40,CORRIENTES,PALMAR GRANDE,GENERAL PAZ
5,15,49,CORRIENTES,SALADAS,SALADAS
5,15,53,CORRIENTES,SAN LORENZO,SALADAS
5,15,502,CORRIENTES,PAGO DE LOS DESEOS,SALADAS
5,16,6,CORRIENTES,COLONIA CARLOS PELLEGRINI,SAN MARTIN
5,16,23,CORRIENTES,GUAVIRAVI,SAN MARTIN
5,16,30,CORRIENTES,LA CRUZ,SAN MARTIN
5,16,65,CORRIENTES,YAPEYU,SAN MARTIN
5,17,9,CORRIENTES,COLONIA SANTA ROSA,CONCEPCION
5,17,10,CORRIENTES,CONCEPCION,CONCEPCION
5,17,61,CORRIENTES,TABAY,CONCEPCION
5,17,63,CORRIENTES,TATACUA,CONCEPCION
5,18,35,CORRIENTES,MBURUCUYA,MBURUCUYA
5,19,8,CORRIENTES,COLONIA LIEBIG,ITUZAINGO
5,19,27,CORRIENTES,ITUZAINGO,ITUZAINGO
5,19,50,CORRIENTES,SAN ANTONIO DE APIPE,ITUZAINGO
5,19,51,CORRIENTES,SAN CARLOS,ITUZAINGO
5,19,64,CORRIENTES,VILLA OLIVARI,ITUZAINGO
5,20,60,CORRIENTES,SAUCE,SAUCE
5,21,42,CORRIENTES,PASO DE LA PATRIA,SAN COSME
5,21,52,CORRIENTES,SAN COSME,SAN COSME
5,21,57,CORRIENTES,SANTA ANA,SAN COSME
5,22,1,CORRIENTES,GENERAL ALVEAR,GENERAL ALVEAR
5,22,17,CORRIENTES,ESTACION TORRENT,GENERAL ALVEAR
5,23,33,CORRIENTES,LORETO,SAN MIGUEL
5,23,55,CORRIENTES,SAN MIGUEL,SAN MIGUEL
5,24,26,CORRIENTES,ITATI,ITATI
5,24,47,CORRIENTES,RAMADA PASO,ITATI
5,25,3,CORRIENTES,BERON DE ASTRADA,BERON DE ASTRADA
6,1,2,CHACO,BARRANQUERAS,SAN FERNANDO
6,1,3,CHACO,BASAIL,SAN FERNANDO
6,1,20,CHACO,FONTANA,SAN FERNANDO
6,1,58,CHACO,PUERTO VILELAS,SAN FERNANDO
6,1,60,CHACO,RESISTENCIA,SAN FERNANDO
6,2,7,CHACO,COLONIA BENITEZ,PRIMERO DE MAYO
6,2,45,CHACO,MARGARITA BELEN,PRIMERO DE MAYO
6,2,666,CHACO,,PRIMERO DE MAYO
6,3,9,CHACO,COLONIA POPULAR,LIBERTAD
6,3,36,CHACO,LAGUNA BLANCA,LIBERTAD
6,3,57,CHACO,PUERTO TIROL,LIBERTAD
6,3,666,CHACO,,LIBERTAD
6,4,32,CHACO,LA ESCONDIDA,GENERAL DONOVAN
6,4,35,CHACO,LA VERDE,GENERAL DONOVAN
6,4,38,CHACO,LAPACHITO,GENERAL DONOVAN
6,4,44,CHACO,MAKALLE,GENERAL DONOVAN
6,5,5,CHACO,CAPITAN SOLARI,SARGENTO CABRAL
6,5,8,CHACO,COLONIA ELISA,SARGENTO CABRAL
6,5,10,CHACO,COLONIAS UNIDAS,SARGENTO CABRAL
6,5,40,CHACO,LAS GARCITAS,SARGENTO CABRAL
6,6,52,CHACO,PRESIDENCIA DE LA PLAZA,PCIA. DE LA PLAZA
6,7,26,CHACO,GENERAL VEDIA,BERMEJO
6,7,28,CHACO,ISLA DEL CERRITO,BERMEJO
6,7,33,CHACO,LA LEONESA,BERMEJO
6,7,41,CHACO,LAS PALMAS,BERMEJO
6,7,55,CHACO,PUERTO BERMEJO,BERMEJO
6,7,56,CHACO,PUERTO EVA PERON,BERMEJO
6,8,6,CHACO,CIERVO PETISO,LIB. GRAL. SAN MARTIN
6,8,25,CHACO,GENERAL SAN MARTIN,LIB. GRAL. SAN MARTIN
6,8,31,CHACO,LA EDUVIGIS,LIB. GRAL. SAN MARTIN
6,8,37,CHACO,LAGUNA LIMPIA,LIB. GRAL. SAN MARTIN
6,8,49,CHACO,PAMPA ALMIRON,LIB. GRAL. SAN MARTIN
6,8,50,CHACO,PAMPA DEL INDIO,LIB. GRAL. SAN MARTIN
6,8,53,CHACO,PRESIDENCIA ROCA,LIB. GRAL. SAN MARTIN
6,9,14,CHACO,COTE-LAI (TAPENAGA),TAPENAGA
6,9,15,CHACO,CHARADAI,TAPENAGA
6,10,61,CHACO,SAMUHU,SAN LORENZO
6,10,68,CHACO,VILLA BERTHET,SAN LORENZO
6,11,12,CHACO,CORONEL DU GRATY,MAYOR L. J. FONTANA
6,11,19,CHACO,ENRIQUE URIEN,MAYOR L. J. FONTANA
6,11,66,CHACO,VILLA ANGELA,MAYOR L. J. FONTANA
6,12,30,CHACO,LA CLOTILDE,O'HIGGINS
6,12,34,CHACO,LA TIGRA,O'HIGGINS
6,12,62,CHACO,SAN BERNARDO,O'HIGGINS
6,13,54,CHACO,PRESIDENCIA ROQUE SAENZ PEñA,COMANDANTE FERNANDEZ
6,14,59,CHACO,QUITILIPI,QUITILIPI
6,15,43,CHACO,MACHAGAI,25 DE MAYO
6,16,65,CHACO,TRES ISLETAS,MAIPU
6,17,1,CHACO,AVIA TERAI,INDEPENDENCIA
6,17,4,CHACO,CAMPO LARGO,INDEPENDENCIA
6,17,48,CHACO,NAPENAY,INDEPENDENCIA
6,18,13,CHACO,CORZUELA,GENERAL BELGRANO
6,19,39,CHACO,LAS BREñAS,9 DE JULIO
6,20,16,CHACO,CHARATA,CHACABUCO
6,21,22,CHACO,GANCEDO,12 DE OCTUBRE
6,21,23,CHACO,GENERAL CAPDEVILA,12 DE OCTUBRE
6,21,24,CHACO,GENERAL PINEDO,12 DE OCTUBRE
6,22,27,CHACO,HERMOSO CAMPO,2 DE ABRIL
6,23,17,CHACO,CHOROTIS,FRAY J. STA. MARIA DE ORO
6,23,63,CHACO,SANTA SYLVINA,FRAY J. STA. MARIA DE ORO
6,24,11,CHACO,CONCEPCION DEL BERMEJO,ALMIRANTE BROWN
6,24,42,CHACO,LOS FRENTONES,ALMIRANTE BROWN
6,24,51,CHACO,PAMPA DEL INFIERNO,ALMIRANTE BROWN
6,24,64,CHACO,TACO POZO,ALMIRANTE BROWN
6,25,18,CHACO,EL SAUZALITO,GENERAL GüEMES
6,25,21,CHACO,FUERTE ESPERANZA,GENERAL GüEMES
6,25,29,CHACO,JUAN JOSE CASTELLI,GENERAL GüEMES
6,25,46,CHACO,MIRAFLORES,GENERAL GüEMES
6,25,47,CHACO,MISION NUEVA POMPEYA,GENERAL GüEMES
6,25,69,CHACO,VILLA RIO BERMEJITO,GENERAL GüEMES
6,25,70,CHACO,EL ESPINILLO,GENERAL GüEMES
7,1,1,CHUBUT,RAWSON,RAWSON
7,1,2,CHUBUT,TRELEW,RAWSON
7,2,3,CHUBUT,PUERTO MADRYN,BIEDMA
7,2,4,CHUBUT,PUERTO PIRAMIDES,BIEDMA
7,3,5,CHUBUT,TELSEN,TELSEN
7,3,6,CHUBUT,GAN GAN,TELSEN
7,4,7,CHUBUT,GASTRE,GASTRE
7,4,8,CHUBUT,LAGUNITA SALADA,GASTRE
7,4,666,CHUBUT,,GASTRE
7,5,10,CHUBUT,CENTRO CUSHAMEN,CUSHAMEN
7,5,12,CHUBUT,EL MAITEN,CUSHAMEN
7,5,13,CHUBUT,GUALJAINA,CUSHAMEN
7,5,14,CHUBUT,CHOLILA,CUSHAMEN
7,5,15,CHUBUT,EPUYEN,CUSHAMEN
7,5,16,CHUBUT,EL HOYO,CUSHAMEN
7,5,17,CHUBUT,LAGO PUELO,CUSHAMEN
7,5,666,CHUBUT,,CUSHAMEN
7,6,20,CHUBUT,ESQUEL,FUTALEUFU
7,6,22,CHUBUT,TREVELIN,FUTALEUFU
7,6,26,CHUBUT,CORCOVADO,FUTALEUFU
7,6,27,CHUBUT,CERRO CENTINELA,FUTALEUFU
7,6,502,CHUBUT,FUTALEUFU,FUTALEUFU
7,6,666,CHUBUT,,FUTALEUFU
7,7,28,CHUBUT,CARRENLEUFU,LANGUIñEO
7,7,29,CHUBUT,TECKA,LANGUIñEO
7,7,30,CHUBUT,PASO DEL SAPO,LANGUIñEO
7,7,31,CHUBUT,COLAN CONHUE,LANGUIñEO
7,7,58,CHUBUT,ALDEA EPULEF,LANGUIñEO
7,8,32,CHUBUT,DOCTOR ATILIO O. VIGLIONE,TEHUELCHES
7,8,33,CHUBUT,RIO PICO,TEHUELCHES
7,8,34,CHUBUT,GOBERNADOR COSTA,TEHUELCHES
7,8,35,CHUBUT,JOSE DE SAN MARTIN,TEHUELCHES
7,9,36,CHUBUT,PASO DE INDIOS,PASO DE INDIOS
7,9,501,CHUBUT,LOS ALTARES,PASO DE INDIOS
7,10,38,CHUBUT,LAS PLUMAS,MARTIRES
7,10,666,CHUBUT,,MARTIRES
7,11,39,CHUBUT,CAMARONES,F. AMEGHINO
7,12,40,CHUBUT,GAIMAN,GAIMAN
7,12,41,CHUBUT,DOLAVON,GAIMAN
7,12,42,CHUBUT,28 DE JULIO,GAIMAN
7,12,43,CHUBUT,DIQUE FLORENTINO AMEGHINO,GAIMAN
7,13,44,CHUBUT,ALDEA APELEG,RIO SENGUER
7,13,45,CHUBUT,ALTO RIO SENGUER,RIO SENGUER
7,13,47,CHUBUT,FACUNDO,RIO SENGUER
7,13,48,CHUBUT,RIO MAYO,RIO SENGUER
7,13,49,CHUBUT,DOCTOR RICARDO ROJAS,RIO SENGUER
7,13,50,CHUBUT,ALDEA BELEIRO,RIO SENGUER
7,13,51,CHUBUT,LAGO BLANCO,RIO SENGUER
7,14,52,CHUBUT,BUEN PASTO,SARMIENTO
7,14,53,CHUBUT,SARMIENTO,SARMIENTO
7,15,55,CHUBUT,RADA TILLY,ESCALANTE
7,15,56,CHUBUT,COMODORO RIVADAVIA,ESCALANTE
8,1,10,ENTRE RIOS,ALDEA SANTA MARIA,PARANA
8,1,11,ENTRE RIOS,ANTONIO TOMAS,PARANA
8,1,20,ENTRE RIOS,CERRITO,PARANA
8,1,26,ENTRE RIOS,COLONIA AVELLANEDA,PARANA
8,1,28,ENTRE RIOS,COLONIA CELINA,PARANA
8,1,29,ENTRE RIOS,COLONIA CERRITO,PARANA
8,1,30,ENTRE RIOS,COLONIA CRESPO (I),PARANA
8,1,43,ENTRE RIOS,COLONIA CRESPO (II),PARANA
8,1,55,ENTRE RIOS,EL PINGO,PARANA
8,1,58,ENTRE RIOS,ESPINILLO NORTE,PARANA
8,1,59,ENTRE RIOS,SOSA,PARANA
8,1,72,ENTRE RIOS,HASENKAMP,PARANA
8,1,73,ENTRE RIOS,VILLA HERNANDARIAS,PARANA
8,1,86,ENTRE RIOS,LA PICADA,PARANA
8,1,90,ENTRE RIOS,LAS GARZAS (P. BELLOCQ),PARANA
8,1,92,ENTRE RIOS,PARAJE LAS TUNAS,PARANA
8,1,103,ENTRE RIOS,MARIA GRANDE,PARANA
8,1,104,ENTRE RIOS,MARIA GRANDE SEGUNDA,PARANA
8,1,114,ENTRE RIOS,ORO VERDE,PARANA
8,1,116,ENTRE RIOS,PARANA,PARANA
8,1,117,ENTRE RIOS,PASO DE LAS PIEDRAS,PARANA
8,1,124,ENTRE RIOS,PUEBLO BRUGO,PARANA
8,1,128,ENTRE RIOS,QUEBRACHO,PARANA
8,1,133,ENTRE RIOS,SAN BENITO,PARANA
8,1,147,ENTRE RIOS,SAUCE MONTRULL,PARANA
8,1,148,ENTRE RIOS,SAUCE PINTOS,PARANA
8,1,149,ENTRE RIOS,SEGUI,PARANA
8,1,161,ENTRE RIOS,TABOSSI,PARANA
8,1,164,ENTRE RIOS,TEZANOS PINTOS,PARANA
8,1,169,ENTRE RIOS,VIALE,PARANA
8,1,174,ENTRE RIOS,VILLA FONTANA,PARANA
8,1,175,ENTRE RIOS,VILLA GOBERNADOR ETCHEVEHERE,PARANA
8,1,178,ENTRE RIOS,VILLA URQUIZA,PARANA
8,1,503,ENTRE RIOS,ALDEA EIGENFELD-COLONIA MEROU,PARANA
8,1,504,ENTRE RIOS,ALDEA MARIA LUISA,PARANA
8,1,505,ENTRE RIOS,ALDEA SAN RAFAEL,PARANA
8,1,508,ENTRE RIOS,ARROYO BURGOS,PARANA
8,1,523,ENTRE RIOS,CURTIEMBRE,PARANA
8,1,530,ENTRE RIOS,EL PALENQUE,PARANA
8,1,570,ENTRE RIOS,SANTA LUISA,PARANA
8,3,15,ENTRE RIOS,BOVRIL,LA PAZ
8,3,17,ENTRE RIOS,COLONIA CARRASCO,LA PAZ
8,3,82,ENTRE RIOS,SIR LEONARD,LA PAZ
8,3,85,ENTRE RIOS,LA PAZ,LA PAZ
8,3,113,ENTRE RIOS,OMBU-SAN RAMIREZ-LAS TOSCAS,LA PAZ
8,3,120,ENTRE RIOS,PIEDRAS BLANCAS,LA PAZ
8,3,122,ENTRE RIOS,ALCARAZ,LA PAZ
8,3,126,ENTRE RIOS,PUERTO ALGARROBO,LA PAZ
8,3,135,ENTRE RIOS,SAN GUSTAVO,LA PAZ
8,3,145,ENTRE RIOS,SANTA ELENA,LA PAZ
8,3,501,ENTRE RIOS,ALCARAZ NORTE,LA PAZ
8,3,516,ENTRE RIOS,COLONIA AVIGDOR,LA PAZ
8,3,521,ENTRE RIOS,COLONIA OFICIAL Nº 13-ESTAQUITAS,LA PAZ
8,3,531,ENTRE RIOS,EL QUEBRACHO,LA PAZ
8,3,532,ENTRE RIOS,EL SOLAR,LA PAZ
8,3,574,ENTRE RIOS,YACARE-COLONIA OFICIAL Nº 3 Y 14,LA PAZ
8,3,575,ENTRE RIOS,YESO OESTE-PICADA BERON,LA PAZ
8,4,4,ENTRE RIOS,ALDEA BRASILERA,DIAMANTE
8,4,5,ENTRE RIOS,ALDEA PROTESTANTE,DIAMANTE
8,4,6,ENTRE RIOS,ALDEA SALTO,DIAMANTE
8,4,32,ENTRE RIOS,COLONIA ENSAYO,DIAMANTE
8,4,39,ENTRE RIOS,COSTA GRANDE,DIAMANTE
8,4,49,ENTRE RIOS,DIAMANTE,DIAMANTE
8,4,67,ENTRE RIOS,GENERAL RAMIREZ,DIAMANTE
8,4,68,ENTRE RIOS,ALDEA GRAPSCHENTAL,DIAMANTE
8,4,81,ENTRE RIOS,ISLETAS,DIAMANTE
8,4,89,ENTRE RIOS,LAS CUEVAS,DIAMANTE
8,4,94,ENTRE RIOS,LIBERTADOR SAN MARTIN,DIAMANTE
8,4,123,ENTRE RIOS,ALDEA SPATZENKUTTER,DIAMANTE
8,4,168,ENTRE RIOS,VALLE MARIA,DIAMANTE
8,4,534,ENTRE RIOS,ESTANCIA RACEDO (EL CARMEN),DIAMANTE
8,4,536,ENTRE RIOS,ESTACION CAMPS,DIAMANTE
8,5,22,ENTRE RIOS,CHILCAS,VICTORIA
8,5,38,ENTRE RIOS,ANTELO,VICTORIA
8,5,76,ENTRE RIOS,HINOJAL,VICTORIA
8,5,108,ENTRE RIOS,MONTOYA,VICTORIA
8,5,115,ENTRE RIOS,DISTRITO PAJONAL,VICTORIA
8,5,129,ENTRE RIOS,RINCON DE NOGOYA,VICTORIA
8,5,130,ENTRE RIOS,RINCON DEL DOLL,VICTORIA
8,5,170,ENTRE RIOS,VICTORIA,VICTORIA
8,5,666,ENTRE RIOS,,VICTORIA
8,6,9,ENTRE RIOS,ALDEA SAN MIGUEL,NOGOYA
8,6,12,ENTRE RIOS,ARANGUREN,NOGOYA
8,6,14,ENTRE RIOS,BETBEDER,NOGOYA
8,6,23,ENTRE RIOS,DISTRITO CHIQUEROS,NOGOYA
8,6,44,ENTRE RIOS,CRUCESITAS TERCERA,NOGOYA
8,6,45,ENTRE RIOS,CRUCESITAS SEPTIMA,NOGOYA
8,6,46,ENTRE RIOS,CRUCESITAS OCTAVA,NOGOYA
8,6,52,ENTRE RIOS,DON CRISTOBAL PRIMERO,NOGOYA
8,6,53,ENTRE RIOS,DON CRISTOBAL SEGUNDO,NOGOYA
8,6,74,ENTRE RIOS,HERNANDEZ,NOGOYA
8,6,97,ENTRE RIOS,LUCAS GONZALEZ,NOGOYA
8,6,109,ENTRE RIOS,NOGOYA,NOGOYA
8,6,181,ENTRE RIOS,XX DE SEPTIEMBRE,NOGOYA
8,6,527,ENTRE RIOS,DISTRITO SAUCE,NOGOYA
8,6,541,ENTRE RIOS,FEBRE,NOGOYA
8,6,666,ENTRE RIOS,,NOGOYA
8,7,2,ENTRE RIOS,DISTRITO SEXTO COSTA DE NOGOYA,GUALEGUAY
8,7,64,ENTRE RIOS,GENERAL GALARZA,GUALEGUAY
8,7,69,ENTRE RIOS,GUALEGUAY,GUALEGUAY
8,7,502,ENTRE RIOS,ALDEA ASUNCION,GUALEGUAY
8,7,525,ENTRE RIOS,DISTRITO CUARTO,GUALEGUAY
8,7,538,ENTRE RIOS,ESTACION LAZO,GUALEGUAY
8,7,552,ENTRE RIOS,MONTE REDONDO,GUALEGUAY
8,7,556,ENTRE RIOS,PRIMER DISTRITO CUCHILLA,GUALEGUAY
8,7,559,ENTRE RIOS,PUNTA DEL MONTE,GUALEGUAY
8,7,560,ENTRE RIOS,QUINTO DISTRITO (G.),GUALEGUAY
8,8,101,ENTRE RIOS,MACIA,TALA
8,8,102,ENTRE RIOS,GOBERNADOR MANSILLA,TALA
8,8,132,ENTRE RIOS,ROSARIO DEL TALA,TALA
8,8,506,ENTRE RIOS,ALTAMIRANO SUR,TALA
8,8,509,ENTRE RIOS,ARROYO CLE,TALA
8,8,528,ENTRE RIOS,DURAZNO,TALA
8,8,535,ENTRE RIOS,ESTANCIA SOLA,TALA
8,8,543,ENTRE RIOS,GOBERNADOR ECHAGUE,TALA
8,8,544,ENTRE RIOS,GUARDAMONTE,TALA
8,8,549,ENTRE RIOS,LAS GUACHAS,TALA
8,8,553,ENTRE RIOS,LA OLLITA,TALA
8,8,572,ENTRE RIOS,SAUCE SUR,TALA
8,8,666,ENTRE RIOS,,TALA
8,9,1,ENTRE RIOS,1º DE MAYO,URUGUAY
8,9,13,ENTRE RIOS,BASAVILBASO,URUGUAY
8,9,18,ENTRE RIOS,CASEROS,URUGUAY
8,9,31,ENTRE RIOS,COLONIA ELIA,URUGUAY
8,9,35,ENTRE RIOS,CONCEPCION DEL URUGUAY,URUGUAY
8,9,75,ENTRE RIOS,HERRERA,URUGUAY
8,9,91,ENTRE RIOS,LAS MOSCAS,URUGUAY
8,9,93,ENTRE RIOS,ESTANCIA LIBAROS,URUGUAY
8,9,121,ENTRE RIOS,PRONUNCIAMIENTO,URUGUAY
8,9,131,ENTRE RIOS,ROCAMORA,URUGUAY
8,9,134,ENTRE RIOS,SAN CIPRIANO,URUGUAY
8,9,140,ENTRE RIOS,SAN JUSTO,URUGUAY
8,9,144,ENTRE RIOS,SANTA ANITA,URUGUAY
8,9,176,ENTRE RIOS,VILLA MANTERO,URUGUAY
8,9,511,ENTRE RIOS,ARROYO GENA,URUGUAY
8,9,551,ENTRE RIOS,LOS CEIBOS - SANTA ANA,URUGUAY
8,9,565,ENTRE RIOS,SAN MARCIAL,URUGUAY
8,9,666,ENTRE RIOS,,URUGUAY
8,10,7,ENTRE RIOS,ALDEA SAN ANTONIO,GUALEGUAYCHU
8,10,8,ENTRE RIOS,ALDEA SAN JUAN,GUALEGUAYCHU
8,10,16,ENTRE RIOS,PASTOR BRITOS,GUALEGUAYCHU
8,10,40,ENTRE RIOS,COSTA SAN ANTONIO,GUALEGUAYCHU
8,10,41,ENTRE RIOS,COSTA URUGUAY NORTE,GUALEGUAYCHU
8,10,42,ENTRE RIOS,COSTA URUGUAY SUR,GUALEGUAYCHU
8,10,48,ENTRE RIOS,CUCHILLA REDONDA,GUALEGUAYCHU
8,10,56,ENTRE RIOS,ENRIQUE CARBO (ALARCON),GUALEGUAYCHU
8,10,66,ENTRE RIOS,GILBERT,GUALEGUAYCHU
8,10,70,ENTRE RIOS,GUALEGUAYCHU,GUALEGUAYCHU
8,10,79,ENTRE RIOS,IRAZUSTA,GUALEGUAYCHU
8,10,88,ENTRE RIOS,LARROQUE,GUALEGUAYCHU
8,10,119,ENTRE RIOS,PERDICES,GUALEGUAYCHU
8,10,125,ENTRE RIOS,PUEBLO GENERAL BELGRANO,GUALEGUAYCHU
8,10,163,ENTRE RIOS,DISTRITO TALITAS,GUALEGUAYCHU
8,10,166,ENTRE RIOS,URDINARRAIN,GUALEGUAYCHU
8,10,537,ENTRE RIOS,ESTACION ESCRIñA,GUALEGUAYCHU
8,10,542,ENTRE RIOS,GENERAL ALMADA,GUALEGUAYCHU
8,10,550,ENTRE RIOS,LAS MERCEDES,GUALEGUAYCHU
8,10,563,ENTRE RIOS,RINCON DEL GATO,GUALEGUAYCHU
8,10,666,ENTRE RIOS,,GUALEGUAYCHU
8,11,19,ENTRE RIOS,CEIBAS,ISLAS DEL IBICUY
8,11,77,ENTRE RIOS,PUERTO IBICUY,ISLAS DEL IBICUY
8,11,105,ENTRE RIOS,MEDANOS,ISLAS DEL IBICUY
8,11,112,ENTRE RIOS,ÑANCAY,ISLAS DEL IBICUY
8,11,177,ENTRE RIOS,VILLA PARANACITO,ISLAS DEL IBICUY
8,11,666,ENTRE RIOS,,ISLAS DEL IBICUY
8,12,51,ENTRE RIOS,VILLA DOMINGUEZ,VILLAGUAY
8,12,78,ENTRE RIOS,INGENIERO SAJAROFF,VILLAGUAY
8,12,98,ENTRE RIOS,LUCAS NORTE,VILLAGUAY
8,12,99,ENTRE RIOS,LUCAS SUR PRIMERO,VILLAGUAY
8,12,100,ENTRE RIOS,LUCAS SUR SEGUNDO,VILLAGUAY
8,12,106,ENTRE RIOS,MOJONES NORTE,VILLAGUAY
8,12,107,ENTRE RIOS,MOJONES SUR,VILLAGUAY
8,12,137,ENTRE RIOS,JUBILEO,VILLAGUAY
8,12,171,ENTRE RIOS,VILLA CLARA,VILLAGUAY
8,12,179,ENTRE RIOS,VILLAGUAY,VILLAGUAY
8,12,513,ENTRE RIOS,COLONIA ADIVINOS,VILLAGUAY
8,12,539,ENTRE RIOS,ESTACION RAICES,VILLAGUAY
8,12,562,ENTRE RIOS,RAICES OESTE,VILLAGUAY
8,13,24,ENTRE RIOS,CLODOMIRO LEDESMA,CONCORDIA
8,13,27,ENTRE RIOS,COLONIA AYUI,CONCORDIA
8,13,36,ENTRE RIOS,CONCORDIA,CONCORDIA
8,13,60,ENTRE RIOS,ESTACION YERUA,CONCORDIA
8,13,61,ENTRE RIOS,ESTANCIA GRANDE,CONCORDIA
8,13,84,ENTRE RIOS,LA CRIOLLA,CONCORDIA
8,13,95,ENTRE RIOS,LOS CHARRUAS,CONCORDIA
8,13,110,ENTRE RIOS,NUEVA ESCOCIA,CONCORDIA
8,13,118,ENTRE RIOS,PEDERNAL,CONCORDIA
8,13,127,ENTRE RIOS,PUERTO YERUA,CONCORDIA
8,13,519,ENTRE RIOS,COLONIA GENERAL ROCA,CONCORDIA
8,13,533,ENTRE RIOS,EL REDOMON,CONCORDIA
8,13,540,ENTRE RIOS,ESTANCIA YUQUERI,CONCORDIA
8,13,564,ENTRE RIOS,SAN JUSTO (C.),CONCORDIA
8,14,37,ENTRE RIOS,CONSCRIPTO BERNARDI,FEDERAL
8,14,54,ENTRE RIOS,EL CIMARRON,FEDERAL
8,14,63,ENTRE RIOS,FEDERAL,FEDERAL
8,14,111,ENTRE RIOS,NUEVA VIZCAYA,FEDERAL
8,14,146,ENTRE RIOS,SAUCE DE LUNA,FEDERAL
8,14,510,ENTRE RIOS,ARROYO DEL MEDIO,FEDERAL
8,14,512,ENTRE RIOS,BANDERAS,FEDERAL
8,14,526,ENTRE RIOS,DISTRITO DIEGO LOPEZ,FEDERAL
8,14,529,ENTRE RIOS,EL GATO - LOMA LIMPIA,FEDERAL
8,14,555,ENTRE RIOS,PASO DUARTE,FEDERAL
8,14,569,ENTRE RIOS,SANTA LUCIA,FEDERAL
8,14,666,ENTRE RIOS,,FEDERAL
8,15,25,ENTRE RIOS,COLON,COLON
8,15,83,ENTRE RIOS,LA CLARITA,COLON
8,15,138,ENTRE RIOS,SAN JOSE,COLON
8,15,165,ENTRE RIOS,UBAJAY,COLON
8,15,173,ENTRE RIOS,VILLA ELISA,COLON
8,15,507,ENTRE RIOS,ARROYO BARU,COLON
8,15,515,ENTRE RIOS,COLONIA ANSELMO,COLON
8,15,518,ENTRE RIOS,COLONIA EL CARMEN,COLON
8,15,520,ENTRE RIOS,COLONIA HOCKER,COLON
8,15,557,ENTRE RIOS,PUEBLO CAZES-HAMBIS,COLON
8,15,558,ENTRE RIOS,PUEBLO LIEBIG,COLON
8,15,561,ENTRE RIOS,QUINTO DISTRITO (II),COLON
8,15,566,ENTRE RIOS,SAN MIGUEL,COLON
8,15,571,ENTRE RIOS,SANTA ROSA,COLON
8,15,573,ENTRE RIOS,SEXTO DISTRITO,COLON
8,16,139,ENTRE RIOS,SAN JOSE DE FELICIANO,FELICIANO
8,16,524,ENTRE RIOS,DISTRITO CHAñAR,FELICIANO
8,16,545,ENTRE RIOS,LA ESMERALDA,FELICIANO
8,16,548,ENTRE RIOS,LAGUNA BENITEZ,FELICIANO
8,16,554,ENTRE RIOS,LA VERBENA-LA HIERRA,FELICIANO
8,16,568,ENTRE RIOS,SAN VICTOR,FELICIANO
8,17,21,ENTRE RIOS,CHAJARI,FEDERACION
8,17,62,ENTRE RIOS,FEDERACION,FEDERACION
8,17,71,ENTRE RIOS,GUALEGUAYCITO,FEDERACION
8,17,96,ENTRE RIOS,LOS CONQUISTADORES,FEDERACION
8,17,136,ENTRE RIOS,SAN JAIME DE LA FRONTERA,FEDERACION
8,17,141,ENTRE RIOS,SAN ROQUE,FEDERACION
8,17,143,ENTRE RIOS,SANTA ANA,FEDERACION
8,17,172,ENTRE RIOS,VILLA DEL ROSARIO,FEDERACION
8,17,514,ENTRE RIOS,COLONIA ALEMANA,FEDERACION
8,17,522,ENTRE RIOS,COLONIA TUNAS,FEDERACION
8,17,546,ENTRE RIOS,LA FLORIDA,FEDERACION
8,17,547,ENTRE RIOS,LA FRATERNIDAD Y SANTA JUANA,FEDERACION
8,17,567,ENTRE RIOS,SAN RAMON,FEDERACION
8,17,666,ENTRE RIOS,,FEDERACION
8,18,33,ENTRE RIOS,COLONIA OFICIAL Nº 5,SAN SALVADOR
8,18,65,ENTRE RIOS,GENERAL CAMPOS,SAN SALVADOR
8,18,142,ENTRE RIOS,SAN SALVADOR,SAN SALVADOR
8,18,180,ENTRE RIOS,WALTER MOSS,SAN SALVADOR
8,18,517,ENTRE RIOS,COLONIA BAYLINA,SAN SALVADOR
8,18,666,ENTRE RIOS,,SAN SALVADOR
9,1,8,FORMOSA,FORMOSA,FORMOSA
9,1,503,FORMOSA,COLONIA PASTORIL,FORMOSA
9,1,508,FORMOSA,GRAN GUARDIA,FORMOSA
9,1,512,FORMOSA,MOJON DE FIERRO,FORMOSA
9,1,517,FORMOSA,SAN HILARIO,FORMOSA
9,2,10,FORMOSA,GENERAL LUCIO V. MANSILLA,LAISHI
9,2,14,FORMOSA,HERRADURA,LAISHI
9,2,23,FORMOSA,MISION LAISHI,LAISHI
9,2,36,FORMOSA,VILLA ESCOLAR,LAISHI
9,2,666,FORMOSA,,LAISHI
9,3,2,FORMOSA,CLORINDA,PILCOMAYO
9,3,17,FORMOSA,LAGUNA BLANCA,PILCOMAYO
9,3,18,FORMOSA,LAGUNA NAICK NECK,PILCOMAYO
9,3,29,FORMOSA,RIACHO HE-HE,PILCOMAYO
9,3,513,FORMOSA,PALMA SOLA,PILCOMAYO
9,3,519,FORMOSA,SIETE PALMAS,PILCOMAYO
9,3,666,FORMOSA,,PILCOMAYO
9,4,5,FORMOSA,EL COLORADO,PIRANE
9,4,22,FORMOSA,MAYOR VICENTE E. VILLAFAñE,PIRANE
9,4,25,FORMOSA,PALO SANTO,PIRANE
9,4,26,FORMOSA,PIRANE,PIRANE
9,4,35,FORMOSA,VILLA DOS TRECE,PIRANE
9,4,666,FORMOSA,,PIRANE
9,5,6,FORMOSA,EL ESPINILLO,PILAGAS
9,5,24,FORMOSA,MISION TACAAGLE,PILAGAS
9,5,502,FORMOSA,BUENA VISTA,PILAGAS
9,5,510,FORMOSA,LAGUNA GALLO,PILAGAS
9,5,521,FORMOSA,TRES LAGUNAS,PILAGAS
9,6,4,FORMOSA,COMANDANTE FONTANA,PATIñO
9,6,7,FORMOSA,ESTANISLAO DEL CAMPO,PATIñO
9,6,11,FORMOSA,GENERAL MANUEL BELGRANO,PATIñO
9,6,15,FORMOSA,IBARRETA,PATIñO
9,6,20,FORMOSA,LAS LOMITAS,PATIñO
9,6,28,FORMOSA,POZO DEL TIGRE,PATIñO
9,6,31,FORMOSA,POSTA SAN MARTIN 2,PATIñO
9,6,37,FORMOSA,VILLA GENERAL GüEMES,PATIñO
9,6,501,FORMOSA,BARTOLOME DE LAS CASAS,PATIñO
9,6,505,FORMOSA,EL RECREO,PATIñO
9,6,506,FORMOSA,FORTIN LUGONES,PATIñO
9,6,507,FORMOSA,FORTIN SARGENTO 1º LEYES,PATIñO
9,6,509,FORMOSA,JUAN G. BAZAN,PATIñO
9,6,514,FORMOSA,POSTA CAMBIO ZALAZAR,PATIñO
9,6,518,FORMOSA,SAN MARTIN I,PATIñO
9,6,520,FORMOSA,SUBTENIENTE PERIN,PATIñO
9,6,666,FORMOSA,,PATIñO
9,7,19,FORMOSA,LAGUNA YEMA,BERMEJO
9,7,511,FORMOSA,LOS CHIRIGUANOS,BERMEJO
9,7,515,FORMOSA,POZO DE MAZA,BERMEJO
9,7,516,FORMOSA,POZO DEL MORTERO,BERMEJO
9,7,666,FORMOSA,,BERMEJO
9,8,16,FORMOSA,INGENIERO JUAREZ,MATACOS
9,9,12,FORMOSA,GENERAL MOSCONI,RAMON LISTA
9,9,504,FORMOSA,EL POTRILLO,RAMON LISTA
10,1,47,JUJUY,SAN SALVADOR DE JUJUY,GENERAL BELGRANO
10,1,58,JUJUY,YALA,GENERAL BELGRANO
10,2,33,JUJUY,PALPALA,PALPALA
10,3,44,JUJUY,SAN ANTONIO,SAN ANTONIO
10,4,4,JUJUY,AGUAS CALIENTES,EL CARMEN
10,4,16,JUJUY,EL CARMEN,EL CARMEN
10,4,31,JUJUY,MONTERRICO,EL CARMEN
10,4,34,JUJUY,PAMPA BLANCA,EL CARMEN
10,4,36,JUJUY,PERICO,EL CARMEN
10,4,38,JUJUY,PUESTO VIEJO,EL CARMEN
10,5,5,JUJUY,ARRAYANAL,SAN PEDRO
10,5,25,JUJUY,LA ESPERANZA,SAN PEDRO
10,5,26,JUJUY,LA MENDIETA,SAN PEDRO
10,5,42,JUJUY,RODEITO,SAN PEDRO
10,5,46,JUJUY,SAN PEDRO DE JUJUY,SAN PEDRO
10,5,501,JUJUY,ROSARIO DE RIO GRANDE,SAN PEDRO
10,6,18,JUJUY,EL FUERTE,SANTA BARBARA
10,6,19,JUJUY,EL PIQUETE,SANTA BARBARA
10,6,20,JUJUY,EL TALAR,SANTA BARBARA
10,6,32,JUJUY,PALMA SOLA,SANTA BARBARA
10,6,50,JUJUY,SANTA CLARA,SANTA BARBARA
10,6,56,JUJUY,VINALITO,SANTA BARBARA
10,7,7,JUJUY,CAIMANCITO,LEDESMA
10,7,8,JUJUY,CALILEGUA,LEDESMA
10,7,21,JUJUY,FRAILE PINTADO,LEDESMA
10,7,28,JUJUY,LIBERTADOR GENERAL SAN MARTIN,LEDESMA
10,7,60,JUJUY,YUTO,LEDESMA
10,8,10,JUJUY,CASPALA,VALLE GRANDE
10,8,35,JUJUY,PAMPICHUELA,VALLE GRANDE
10,8,45,JUJUY,SAN FRANCISCO,VALLE GRANDE
10,8,48,JUJUY,SANTA ANA,VALLE GRANDE
10,8,55,JUJUY,VALLE GRANDE,VALLE GRANDE
10,9,40,JUJUY,PURMAMARCA,TUMBAYA
10,9,54,JUJUY,TUMBAYA,TUMBAYA
10,9,57,JUJUY,VOLCAN,TUMBAYA
10,10,23,JUJUY,HUACALERA,TILCARA
10,10,29,JUJUY,MAIMARA,TILCARA
10,10,52,JUJUY,TILCARA,TILCARA
10,11,15,JUJUY,EL AGUILAR,HUMAHUACA
10,11,22,JUJUY,HIPOLITO YRIGOYEN,HUMAHUACA
10,11,24,JUJUY,HUMAHUACA,HUMAHUACA
10,11,53,JUJUY,TRES CRUCES,HUMAHUACA
10,12,1,JUJUY,ABDON CASTRO TOLAY,COCHINOCA
10,12,2,JUJUY,ABRA PAMPA,COCHINOCA
10,12,3,JUJUY,ABRALAITE,COCHINOCA
10,12,37,JUJUY,PUESTO DEL MARQUES,COCHINOCA
10,13,30,JUJUY,MINA PIRQUITAS,RINCONADA
10,13,41,JUJUY,RINCONADA,RINCONADA
10,14,12,JUJUY,CIENEGUILLAS,SANTA CATALINA
10,14,14,JUJUY,CUSI CUSI,SANTA CATALINA
10,14,49,JUJUY,SANTA CATALINA,SANTA CATALINA
10,15,6,JUJUY,BARRIOS,YAVI
10,15,9,JUJUY,CANGREJILLOS,YAVI
10,15,17,JUJUY,EL CONDOR,YAVI
10,15,27,JUJUY,LA QUIACA,YAVI
10,15,39,JUJUY,PUMAHUASI,YAVI
10,15,59,JUJUY,YAVI,YAVI
10,16,11,JUJUY,CATUA,SUSQUES
10,16,13,JUJUY,CORANZULI,SUSQUES
10,16,51,JUJUY,SUSQUES,SUSQUES
11,1,23,LA PAMPA,DOBLAS,ATREUCO
11,1,45,LA PAMPA,MACACHIN,ATREUCO
11,1,50,LA PAMPA,MIGUEL RIGLOS,ATREUCO
11,1,63,LA PAMPA,ROLON,ATREUCO
11,1,72,LA PAMPA,TOMAS MANUEL ANCHORENA,ATREUCO
11,2,8,LA PAMPA,ANGUIL,CAPITAL
11,2,66,LA PAMPA,SANTA ROSA,CAPITAL
11,3,37,LA PAMPA,LA ADELA,CALEU CALEU
11,4,15,LA PAMPA,CATRILO,CATRILO
11,4,42,LA PAMPA,LONQUIMAY,CATRILO
11,4,75,LA PAMPA,URIBURU,CATRILO
11,5,65,LA PAMPA,SANTA ISABEL,CHALILEO
11,6,11,LA PAMPA,BERNARDO LARROUDE,CHAPALEUFU
11,6,16,LA PAMPA,CEBALLOS,CHAPALEUFU
11,6,18,LA PAMPA,CORONEL HILARIO LAGOS,CHAPALEUFU
11,6,35,LA PAMPA,INTENDENTE ALVEAR,CHAPALEUFU
11,6,76,LA PAMPA,VERTIZ,CHAPALEUFU
11,7,5,LA PAMPA,ALGARROBO DEL AGUILA,CHICAL-CO
11,7,38,LA PAMPA,LA HUMADA,CHICAL-CO
11,8,21,LA PAMPA,CONHELLO,CONHELO
11,8,25,LA PAMPA,EDUARDO CASTEX,CONHELO
11,8,47,LA PAMPA,MAURICIO MAYER,CONHELO
11,8,51,LA PAMPA,MONTE NIEVAS,CONHELO
11,8,64,LA PAMPA,RUCANELO,CONHELO
11,8,79,LA PAMPA,WINIFREDA,CONHELO
11,9,28,LA PAMPA,GOBERNADOR DUVAL,CURACO
11,9,55,LA PAMPA,PUELCHES,CURACO
11,10,6,LA PAMPA,ALPACHIRI,GUATRACHE
11,10,30,LA PAMPA,GENERAL MANUEL CAMPOS,GUATRACHE
11,10,33,LA PAMPA,GUATRACHE,GUATRACHE
11,10,53,LA PAMPA,PERU,GUATRACHE
11,10,67,LA PAMPA,COLONIA SANTA TERESA,GUATRACHE
11,11,12,LA PAMPA,BERNASCONI,HUCAL
11,11,32,LA PAMPA,GENERAL SAN MARTIN,HUCAL
11,11,36,LA PAMPA,JACINTO ARAUZ,HUCAL
11,12,14,LA PAMPA,CARRO QUEMADO,LOVENTUE
11,12,43,LA PAMPA,LOVENTUE,LOVENTUE
11,12,44,LA PAMPA,LUAN TORO,LOVENTUE
11,12,70,LA PAMPA,TELEN,LOVENTUE
11,12,77,LA PAMPA,VICTORICA,LOVENTUE
11,13,22,LA PAMPA,CUCHILLO CO,LIHUEL CALEL
11,14,40,LA PAMPA,LA REFORMA,LIMAY MAHUIDA
11,14,41,LA PAMPA,LIMAY MAHUIDA,LIMAY MAHUIDA
11,15,4,LA PAMPA,AGUSTONI,MARACO
11,15,24,LA PAMPA,DORILA,MARACO
11,15,31,LA PAMPA,GENERAL PICO,MARACO
11,15,69,LA PAMPA,SPELUZZI,MARACO
11,16,1,LA PAMPA,25 DE MAYO,PUELEN
11,16,56,LA PAMPA,PUELEN,PUELEN
11,17,19,LA PAMPA,COLONIA BARON,QUEMU QUEMU
11,17,49,LA PAMPA,MIGUEL CANE,QUEMU QUEMU
11,17,58,LA PAMPA,QUEMU QUEMU,QUEMU QUEMU
11,17,62,LA PAMPA,RELMO,QUEMU QUEMU
11,17,78,LA PAMPA,VILLA MIRASOL,QUEMU QUEMU
11,18,13,LA PAMPA,CALEUFU,RANCUL
11,18,39,LA PAMPA,LA MARUJA,RANCUL
11,18,52,LA PAMPA,PARERA,RANCUL
11,18,54,LA PAMPA,PICHI HUINCA,RANCUL
11,18,59,LA PAMPA,QUETREQUEN,RANCUL
11,18,60,LA PAMPA,RANCUL,RANCUL
11,19,3,LA PAMPA,ADOLFO VAN PRAET,REALICO
11,19,7,LA PAMPA,ALTA ITALIA,REALICO
11,19,26,LA PAMPA,EMBAJADOR MARTINI,REALICO
11,19,27,LA PAMPA,FALUCHO,REALICO
11,19,34,LA PAMPA,INGENIERO LUIGGI,REALICO
11,19,46,LA PAMPA,MAISONNAVE,REALICO
11,19,61,LA PAMPA,REALICO,REALICO
11,20,71,LA PAMPA,TOAY,TOAY
11,20,501,LA PAMPA,LUAN TORO (T.),TOAY
11,20,502,LA PAMPA,ATALIVA ROCA (T.),TOAY
11,21,9,LA PAMPA,ARATA,TRENEL
11,21,48,LA PAMPA,METILEO,TRENEL
11,21,73,LA PAMPA,TRENEL,TRENEL
11,22,10,LA PAMPA,ATALIVA ROCA,UTRACAN
11,22,17,LA PAMPA,CHACHARRAMENDI,UTRACAN
11,22,20,LA PAMPA,COLONIA SANTA MARIA,UTRACAN
11,22,29,LA PAMPA,GENERAL ACHA,UTRACAN
11,22,57,LA PAMPA,QUEHUE,UTRACAN
11,22,74,LA PAMPA,UNANUE,UTRACAN
12,1,14,LA RIOJA,LA RIOJA,CAPITAL
12,2,17,LA RIOJA,SANAGASTA,SANAGASTA
12,3,2,LA RIOJA,CASTRO BARROS,CASTRO BARROS
12,4,1,LA RIOJA,ARAUCO,ARAUCO
12,5,16,LA RIOJA,SAN BLAS DE LOS SAUCES,SAN BLAS DE LOS SAUCES
12,6,5,LA RIOJA,CHILECITO,CHILECITO
12,7,6,LA RIOJA,FAMATINA,FAMATINA
12,8,3,LA RIOJA,CORONEL FELIPE VARELA,FELIPE VARELA
12,9,10,LA RIOJA,GENERAL LAMADRID,GENERAL LAMADRID
12,10,18,LA RIOJA,VINCHINA,VINCHINA
12,11,13,LA RIOJA,INDEPENDENCIA,INDEPENDENCIA
12,12,4,LA RIOJA,CHAMICAL,CHAMICAL
12,13,7,LA RIOJA,GENERAL ANGEL VICENTE PEñALOZA,ANGEL VICENTE PEñALOZA
12,14,8,LA RIOJA,GENERAL BELGRANO,GENERAL BELGRANO
12,15,9,LA RIOJA,GENERAL JUAN FACUNDO QUIROGA,JUAN FACUNDO QUIROGA
12,16,11,LA RIOJA,GENERAL OCAMPO,GENERAL ORTIZ DE OCAMPO
12,17,15,LA RIOJA,ROSARIO VERA PEñALOZA,ROSARIO VERA PEñALOZA
12,18,12,LA RIOJA,GENERAL SAN MARTIN,GENERAL SAN MARTIN
13,1,11,MENDOZA,MENDOZA,CAPITAL
13,2,2,MENDOZA,GODOY CRUZ,GODOY CRUZ
13,3,3,MENDOZA,GUAYMALLEN,GUAYMALLEN
13,4,6,MENDOZA,LAS HERAS,LAS HERAS
13,5,7,MENDOZA,LAVALLE,LAVALLE
13,6,9,MENDOZA,MAIPU,MAIPU
13,7,8,MENDOZA,LUJAN DE CUYO,LUJAN
13,8,18,MENDOZA,TUPUNGATO,TUPUNGATO
13,9,14,MENDOZA,SAN MARTIN,SAN MARTIN
13,10,4,MENDOZA,JUNIN,JUNIN
13,11,12,MENDOZA,RIVADAVIA,RIVADAVIA
13,12,17,MENDOZA,TUNUYAN,TUNUYAN
13,13,13,MENDOZA,SAN CARLOS,SAN CARLOS
13,14,16,MENDOZA,SANTA ROSA,SANTA ROSA
13,15,5,MENDOZA,LA PAZ,LA PAZ
13,16,15,MENDOZA,SAN RAFAEL,SAN RAFAEL
13,17,10,MENDOZA,MALARGüE,MALARGUE
13,18,1,MENDOZA,GENERAL ALVEAR,GENERAL ALVEAR
14,1,33,MISIONES,FACHINAL,CAPITAL
14,1,36,MISIONES,GARUPA,CAPITAL
14,1,56,MISIONES,POSADAS,CAPITAL
14,2,3,MISIONES,APOSTOLES,APOSTOLES
14,2,6,MISIONES,AZARA,APOSTOLES
14,2,66,MISIONES,SAN JOSE,APOSTOLES
14,2,74,MISIONES,TRES CAPONES,APOSTOLES
14,3,8,MISIONES,BONPLAND,CANDELARIA
14,3,13,MISIONES,CANDELARIA,CANDELARIA
14,3,17,MISIONES,CERRO CORA,CANDELARIA
14,3,47,MISIONES,LORETO,CANDELARIA
14,3,49,MISIONES,MARTIRES,CANDELARIA
14,3,57,MISIONES,PROFUNDIDAD,CANDELARIA
14,3,70,MISIONES,SANTA ANA,CANDELARIA
14,4,2,MISIONES,ALMAFUERTE,LEANDRO N. ALEM
14,4,5,MISIONES,ARROYO DEL MEDIO,LEANDRO N. ALEM
14,4,9,MISIONES,CAA YARI,LEANDRO N. ALEM
14,4,16,MISIONES,CERRO AZUL,LEANDRO N. ALEM
14,4,27,MISIONES,DOS ARROYOS,LEANDRO N. ALEM
14,4,39,MISIONES,GOBERNADOR LOPEZ,LEANDRO N. ALEM
14,4,45,MISIONES,LEANDRO N. ALEM,LEANDRO N. ALEM
14,4,54,MISIONES,OLEGARIO VICTOR ANDRADE,LEANDRO N. ALEM
14,5,25,MISIONES,CONCEPCION DE LA SIERRA,CONCEPCION DE LA SIERRA
14,5,71,MISIONES,SANTA MARIA,CONCEPCION DE LA SIERRA
14,6,34,MISIONES,FLORENTINO AMEGHINO,SAN JAVIER
14,6,43,MISIONES,ITACARUARE,SAN JAVIER
14,6,50,MISIONES,MOJON GRANDE,SAN JAVIER
14,6,65,MISIONES,SAN JAVIER,SAN JAVIER
14,7,21,MISIONES,COLONIA POLANA,SAN IGNACIO
14,7,26,MISIONES,CORPUS,SAN IGNACIO
14,7,38,MISIONES,GENERAL URQUIZA,SAN IGNACIO
14,7,40,MISIONES,GOBERNADOR ROCA,SAN IGNACIO
14,7,42,MISIONES,HIPOLITO IRIGOYEN,SAN IGNACIO
14,7,44,MISIONES,JARDIN AMERICA,SAN IGNACIO
14,7,64,MISIONES,SAN IGNACIO,SAN IGNACIO
14,7,73,MISIONES,SANTO PIPO,SAN IGNACIO
14,8,11,MISIONES,CAMPO RAMON,OBERA
14,8,12,MISIONES,CAMPO VIERA,OBERA
14,8,18,MISIONES,COLONIA ALBERDI,OBERA
14,8,37,MISIONES,GENERAL ALVEAR,OBERA
14,8,41,MISIONES,GUARANI,OBERA
14,8,48,MISIONES,LOS HELECHOS,OBERA
14,8,53,MISIONES,OBERA,OBERA
14,8,55,MISIONES,PANAMBI,OBERA
14,8,67,MISIONES,SAN MARTIN,OBERA
14,9,14,MISIONES,CAPIOVI,L. GENERAL SAN MARTIN
14,9,29,MISIONES,EL ALCAZAR,L. GENERAL SAN MARTIN
14,9,35,MISIONES,GARUHAPI,L. GENERAL SAN MARTIN
14,9,59,MISIONES,PUERTO LEONI,L. GENERAL SAN MARTIN
14,9,61,MISIONES,PUERTO RICO,L. GENERAL SAN MARTIN
14,9,62,MISIONES,RUIZ DE MONTOYA,L. GENERAL SAN MARTIN
14,10,4,MISIONES,ARISTOBULO DEL VALLE,CAINGUAS
14,10,10,MISIONES,CAMPO GRANDE,CAINGUAS
14,10,28,MISIONES,DOS DE MAYO,CAINGUAS
14,11,1,MISIONES,ALBA POSSE,25 DE MAYO
14,11,19,MISIONES,COLONIA AURORA,25 DE MAYO
14,11,75,MISIONES,25 DE MAYO,25 DE MAYO
14,12,15,MISIONES,CARAGUATAY,MONTECARLO
14,12,51,MISIONES,MONTECARLO,MONTECARLO
14,12,60,MISIONES,PUERTO PIRAY,MONTECARLO
14,13,30,MISIONES,EL SOBERBIO,GUARANI
14,13,69,MISIONES,SAN VICENTE,GUARANI
14,14,20,MISIONES,COLONIA DELICIA,EL DORADO
14,14,22,MISIONES,COLONIA VICTORIA,EL DORADO
14,14,31,MISIONES,ELDORADO,EL DORADO
14,14,52,MISIONES,9 DE JULIO,EL DORADO
14,14,72,MISIONES,SANTIAGO DE LINIERS,EL DORADO
14,15,68,MISIONES,SAN PEDRO,SAN PEDRO
14,16,23,MISIONES,COLONIA WANDA,IGUAZU
14,16,32,MISIONES,PUERTO ESPERANZA,IGUAZU
14,16,46,MISIONES,PUERTO LIBERTAD,IGUAZU
14,16,58,MISIONES,PUERTO IGUAZU,IGUAZU
14,17,7,MISIONES,BERNARDO DE IRIGOYEN,GRAL. MANUEL BELGRANO
14,17,24,MISIONES,COMANDANTE ANDRESITO,GRAL. MANUEL BELGRANO
14,17,63,MISIONES,SAN ANTONIO,GRAL. MANUEL BELGRANO
15,1,9,NEUQUEN,CENTENARIO,CONFLUENCIA
15,1,12,NEUQUEN,CUTRAL-CO,CONFLUENCIA
15,1,30,NEUQUEN,NEUQUEN,CONFLUENCIA
15,1,36,NEUQUEN,PLAZA HUINCUL,CONFLUENCIA
15,1,37,NEUQUEN,PLOTTIER,CONFLUENCIA
15,1,45,NEUQUEN,SENILLOSA,CONFLUENCIA
15,1,52,NEUQUEN,VILLA EL CHOCON,CONFLUENCIA
15,1,56,NEUQUEN,VISTA ALEGRE,CONFLUENCIA
15,1,516,NEUQUEN,SAUZAL BONITO,CONFLUENCIA
15,1,666,NEUQUEN,,CONFLUENCIA
15,2,29,NEUQUEN,MARIANO MORENO,ZAPALA
15,2,57,NEUQUEN,ZAPALA,ZAPALA
15,2,503,NEUQUEN,COVUNCO ABAJO,ZAPALA
15,2,506,NEUQUEN,LOS CATUTOS,ZAPALA
15,2,514,NEUQUEN,RAMON M. CASTRO,ZAPALA
15,2,520,NEUQUEN,VILLA PUENTE PICUN LEUFU,ZAPALA
15,2,666,NEUQUEN,,ZAPALA
15,3,4,NEUQUEN,AñELO,AñELO
15,3,42,NEUQUEN,SAN PATRICIO DEL CHAñAR,AñELO
15,3,501,NEUQUEN,AGUADA SAN ROQUE,AñELO
15,3,507,NEUQUEN,LOS CHIHUIDOS,AñELO
15,4,6,NEUQUEN,BARRANCAS,PEHUENCHES
15,4,7,NEUQUEN,BUTA RANQUIL,PEHUENCHES
15,4,40,NEUQUEN,RINCON DE LOS SAUCES,PEHUENCHES
15,4,510,NEUQUEN,OCTAVIO PICO,PEHUENCHES
15,4,666,NEUQUEN,,PEHUENCHES
15,5,14,NEUQUEN,CHOS MALAL,CHOS MALAL
15,5,47,NEUQUEN,TRICAO MALAL,CHOS MALAL
15,5,504,NEUQUEN,COYUCO-COCHICO,CHOS MALAL
15,5,518,NEUQUEN,VILLA CURI LEUVU,CHOS MALAL
15,5,666,NEUQUEN,,CHOS MALAL
15,6,3,NEUQUEN,ANDACOLLO,MINAS
15,6,19,NEUQUEN,HUINGANCO,MINAS
15,6,23,NEUQUEN,LAS OVEJAS,MINAS
15,6,27,NEUQUEN,LOS MICHES,MINAS
15,6,508,NEUQUEN,LOS GUAñACOS,MINAS
15,6,509,NEUQUEN,MANZANO AMARGO,MINAS
15,6,517,NEUQUEN,VARVARCO,MINAS
15,6,519,NEUQUEN,VILLA DEL NAHUEVE,MINAS
15,6,666,NEUQUEN,,MINAS
15,7,8,NEUQUEN,CAVIAHUE-COPAHUE,ÑORQUIN
15,7,15,NEUQUEN,EL CHOLAR,ÑORQUIN
15,7,16,NEUQUEN,EL HUECU,ÑORQUIN
15,7,46,NEUQUEN,TAQUIMILAN,ÑORQUIN
15,7,666,NEUQUEN,,ÑORQUIN
15,8,24,NEUQUEN,LONCOPUE,LONCOPUE
15,8,502,NEUQUEN,CHORRIACA,LONCOPUE
15,8,666,NEUQUEN,,LONCOPUE
15,9,5,NEUQUEN,BAJADA DEL AGRIO,PICUNCHES
15,9,22,NEUQUEN,LAS LAJAS,PICUNCHES
15,9,513,NEUQUEN,QUILI MALAL,PICUNCHES
15,9,666,NEUQUEN,,PICUNCHES
15,10,2,NEUQUEN,ALUMINE,ALUMINE
15,10,54,NEUQUEN,VILLA PEHUENIA,ALUMINE
15,10,666,NEUQUEN,,ALUMINE
15,11,21,NEUQUEN,LAS COLORADAS,CATAN LIL
15,11,512,NEUQUEN,PILO LIL,CATAN LIL
15,11,666,NEUQUEN,,CATAN LIL
15,12,33,NEUQUEN,PICUN LEUFU,PICUN LEUFU
15,12,505,NEUQUEN,EL SAUCE,PICUN LEUFU
15,12,511,NEUQUEN,PASO AGUERRE,PICUN LEUFU
15,13,34,NEUQUEN,PIEDRA DEL AGUILA,COLLON CURA
15,13,515,NEUQUEN,SANTO TOMAS,COLLON CURA
15,13,666,NEUQUEN,,COLLON CURA
15,14,20,NEUQUEN,JUNIN DE LOS ANDES,HUILICHES
15,14,666,NEUQUEN,,HUILICHES
15,15,41,NEUQUEN,SAN MARTIN DE LOS ANDES,LACAR
15,15,666,NEUQUEN,,LACAR
15,16,53,NEUQUEN,VILLA LA ANGOSTURA,LOS LAGOS
15,16,521,NEUQUEN,VILLA TRAFUL,LOS LAGOS
15,16,666,NEUQUEN,,LOS LAGOS
16,1,33,RIO NEGRO,GUARDIA MITRE,ADOLFO ALSINA
16,1,61,RIO NEGRO,SAN JAVIER,ADOLFO ALSINA
16,1,502,RIO NEGRO,CUBANEA,ADOLFO ALSINA
16,1,666,RIO NEGRO,,ADOLFO ALSINA
16,2,28,RIO NEGRO,GENERAL CONESA,CONESA
16,2,666,RIO NEGRO,,CONESA
16,3,60,RIO NEGRO,SAN ANTONIO OESTE,SAN ANTONIO OESTE
16,3,63,RIO NEGRO,SIERRA GRANDE,SAN ANTONIO OESTE
16,4,1,RIO NEGRO,AGUADA CECILIO,VALCHETA
16,4,5,RIO NEGRO,ARROYO LOS BERROS,VALCHETA
16,4,6,RIO NEGRO,ARROYO VENTANA,VALCHETA
16,4,13,RIO NEGRO,CHIPAUQUIL,VALCHETA
16,4,47,RIO NEGRO,NAHUEL NIYEU,VALCHETA
16,4,64,RIO NEGRO,SIERRA PAILEMAN,VALCHETA
16,4,66,RIO NEGRO,VALCHETA,VALCHETA
16,4,666,RIO NEGRO,,VALCHETA
16,5,21,RIO NEGRO,CONA NIYEU,NUEVE DE JULIO
16,5,46,RIO NEGRO,MINISTRO RAMOS MEXIA,NUEVE DE JULIO
16,5,55,RIO NEGRO,PRAHUANIYEU,NUEVE DE JULIO
16,5,62,RIO NEGRO,SIERRA COLORADA,NUEVE DE JULIO
16,5,65,RIO NEGRO,RINCON TRENETA,NUEVE DE JULIO
16,5,666,RIO NEGRO,,NUEVE DE JULIO
16,6,2,RIO NEGRO,AGUADA DE GUERRA,25 DE MAYO
16,6,17,RIO NEGRO,CLEMENTE ONELLI,25 DE MAYO
16,6,26,RIO NEGRO,EL CAIN,25 DE MAYO
16,6,35,RIO NEGRO,INGENIERO JACOBACCI,25 DE MAYO
16,6,39,RIO NEGRO,LOS MENUCOS,25 DE MAYO
16,6,43,RIO NEGRO,MAQUINCHAO,25 DE MAYO
16,6,666,RIO NEGRO,,25 DE MAYO
16,7,42,RIO NEGRO,MANUEL CHOIQUE,ÑORQUINCO
16,7,49,RIO NEGRO,ÑORQUINCRO,ÑORQUINCO
16,7,57,RIO NEGRO,RIO CHICO,ÑORQUINCO
16,7,505,RIO NEGRO,OJOS DE AGUA,ÑORQUINCO
16,8,19,RIO NEGRO,COMALLO (I),PILCANIYEU
16,8,24,RIO NEGRO,DINA HUAPI,PILCANIYEU
16,8,51,RIO NEGRO,PASO FLORES,PILCANIYEU
16,8,53,RIO NEGRO,PILCANIYEU,PILCANIYEU
16,8,69,RIO NEGRO,VILLA LLANQUIN,PILCANIYEU
16,8,504,RIO NEGRO,LAGUNA BLANCA (P.),PILCANIYEU
16,8,506,RIO NEGRO,PILQUINIYEU DEL LIMAY,PILCANIYEU
16,8,666,RIO NEGRO,,PILCANIYEU
16,9,25,RIO NEGRO,EL BOLSON,BARILOCHE
16,9,503,RIO NEGRO,EL MANSO,BARILOCHE
16,9,507,RIO NEGRO,VILLA MASCARDI,BARILOCHE
16,9,666,RIO NEGRO,,BARILOCHE
16,10,58,RIO NEGRO,RIO COLORADO,PICHI MAHUIDA
16,11,10,RIO NEGRO,CHELFORO,AVELLANEDA
16,11,12,RIO NEGRO,CHIMPAY,AVELLANEDA
16,11,14,RIO NEGRO,CHOELE CHOEL,AVELLANEDA
16,11,22,RIO NEGRO,CORONEL BELISLE,AVELLANEDA
16,11,23,RIO NEGRO,DARWIN,AVELLANEDA
16,11,37,RIO NEGRO,LAMARQUE,AVELLANEDA
16,11,40,RIO NEGRO,LUIS BELTRAN,AVELLANEDA
16,11,54,RIO NEGRO,POMONA,AVELLANEDA
16,11,666,RIO NEGRO,,AVELLANEDA
16,12,4,RIO NEGRO,ALLEN,GENERAL ROCA
16,12,7,RIO NEGRO,CATRIEL,GENERAL ROCA
16,12,9,RIO NEGRO,CERVANTES,GENERAL ROCA
16,12,11,RIO NEGRO,CHICHINALES,GENERAL ROCA
16,12,15,RIO NEGRO,CINCO SALTOS,GENERAL ROCA
16,12,16,RIO NEGRO,CIPOLLETTI,GENERAL ROCA
16,12,18,RIO NEGRO,CONTRALMIRANTE CORDERO,GENERAL ROCA
16,12,31,RIO NEGRO,GENERAL ENRIQUE GODOY,GENERAL ROCA
16,12,32,RIO NEGRO,GENERAL FERNANDEZ ORO,GENERAL ROCA
16,12,34,RIO NEGRO,INGENIERO LUIS A. HUERGO,GENERAL ROCA
16,12,41,RIO NEGRO,MAINQUE,GENERAL ROCA
16,12,52,RIO NEGRO,PEñAS BLANCAS,GENERAL ROCA
16,12,70,RIO NEGRO,VILLA REGINA,GENERAL ROCA
16,12,501,RIO NEGRO,CAMPO GRANDE,GENERAL ROCA
16,12,666,RIO NEGRO,,GENERAL ROCA
16,13,3,RIO NEGRO,AGUADA GUZMAN,EL CUY
16,13,8,RIO NEGRO,CERRO POLICIA,EL CUY
16,13,27,RIO NEGRO,EL CUY,EL CUY
16,13,44,RIO NEGRO,MENCUE,EL CUY
16,13,48,RIO NEGRO,NAUPA HUEN,EL CUY
16,13,67,RIO NEGRO,VALLE AZUL,EL CUY
16,13,666,RIO NEGRO,,EL CUY
17,1,1,SALTA,SALTA,CAPITAL
17,1,2,SALTA,SAN LORENZO,CAPITAL
17,2,3,SALTA,LA CALDERA,LA CALDERA
17,2,4,SALTA,VAQUEROS,LA CALDERA
17,3,5,SALTA,EL BORDO,GENERAL GüEMES
17,3,6,SALTA,CAMPO SANTO,GENERAL GüEMES
17,3,7,SALTA,GENERAL GüEMES,GENERAL GüEMES
17,4,8,SALTA,SAN JOSE DE METAN,METAN
17,4,9,SALTA,RIO PIEDRAS,METAN
17,4,10,SALTA,EL GALPON,METAN
17,5,11,SALTA,LAS LAJITAS,ANTA
17,5,12,SALTA,APOLINARIO SARAVIA,ANTA
17,5,13,SALTA,GENERAL PIZARRO,ANTA
17,5,14,SALTA,JOAQUIN V. GONZALEZ,ANTA
17,5,15,SALTA,EL QUEBRACHAL,ANTA
17,6,16,SALTA,RIVADAVIA BANDA SUR,RIVADAVIA
17,6,17,SALTA,RIVADAVIA BANDA NORTE,RIVADAVIA
17,6,18,SALTA,SANTA VICTORIA ESTE,RIVADAVIA
17,7,19,SALTA,SAN RAMON DE LA NUEVA ORAN,ORAN
17,7,20,SALTA,HIPOLITO YRIGOYEN,ORAN
17,7,21,SALTA,COLONIA SANTA ROSA,ORAN
17,7,22,SALTA,URUNDEL,ORAN
17,7,23,SALTA,PICHANAL,ORAN
17,8,24,SALTA,EMBARCACION,SAN MARTIN
17,8,25,SALTA,GENERAL BALLIVIAN,SAN MARTIN
17,8,26,SALTA,GENERAL MOSCONI,SAN MARTIN
17,8,27,SALTA,TARTAGAL,SAN MARTIN
17,8,28,SALTA,AGUARAY,SAN MARTIN
17,8,29,SALTA,PROFESOR SALVADOR MAZZA,SAN MARTIN
17,9,30,SALTA,IRUYA,IRUYA
17,9,31,SALTA,ISLA DE CAñAS,IRUYA
17,10,32,SALTA,SANTA VICTORIA OESTE,SANTA VICTORIA
17,10,33,SALTA,LOS TOLDOS,SANTA VICTORIA
17,10,34,SALTA,NAZARENO,SANTA VICTORIA
17,11,35,SALTA,CERRILLOS,CERRILLOS
17,11,36,SALTA,LA MERCED,CERRILLOS
17,12,37,SALTA,CHICOANA,CHICOANA
17,12,38,SALTA,EL CARRIL,CHICOANA
17,13,39,SALTA,LA VIñA,LA VIñA
17,13,40,SALTA,CORONEL MOLDES,LA VIñA
17,14,41,SALTA,GUACHIPAS,GUACHIPAS
17,15,42,SALTA,ROSARIO DE LA FRONTERA,ROSARIO DE LA FRONTERA
17,15,43,SALTA,EL POTRERO,ROSARIO DE LA FRONTERA
17,16,44,SALTA,LA CANDELARIA,LA CANDELARIA
17,16,45,SALTA,EL TALA,LA CANDELARIA
17,16,46,SALTA,EL JARDIN,LA CANDELARIA
17,17,47,SALTA,CAFAYATE,CAFAYATE
17,18,48,SALTA,SAN CARLOS,SAN CARLOS
17,18,49,SALTA,ANIMANA,SAN CARLOS
17,18,50,SALTA,ANGASTACO,SAN CARLOS
17,19,51,SALTA,MOLINOS,MOLINOS
17,19,52,SALTA,SECLANTAS,MOLINOS
17,20,53,SALTA,CACHI,CACHI
17,20,54,SALTA,PAYOGASTA,CACHI
17,21,55,SALTA,ROSARIO DE LERMA,ROSARIO DE LERMA
17,21,56,SALTA,CAMPO QUIJANO,ROSARIO DE LERMA
17,22,57,SALTA,LA POMA,LA POMA
17,23,58,SALTA,SAN ANTONIO DE LOS COBRES,LOS ANDES
17,23,59,SALTA,TOLAR GRANDE,LOS ANDES
18,1,12,SAN JUAN,SAN JUAN,CAPITAL
18,2,14,SAN JUAN,SANTA LUCIA,SANTA LUCIA
18,3,5,SAN JUAN,CHIMBAS,CHIMBAS
18,4,11,SAN JUAN,RIVADAVIA,RIVADAVIA
18,5,19,SAN JUAN,ZONDA,ZONDA
18,6,10,SAN JUAN,RAWSON,RAWSON
18,6,501,SAN JUAN,ZONDA (R.),RAWSON
18,7,8,SAN JUAN,NUEVE DE JULIO,NUEVE DE JULIO
18,8,13,SAN JUAN,SAN MARTIN,SAN MARTIN
18,9,2,SAN JUAN,ANGACO,ANGACO
18,10,1,SAN JUAN,ALBARDON,ALBARDON
18,11,16,SAN JUAN,ULLUM,ULLUM
18,12,9,SAN JUAN,POCITO,POCITO
18,13,15,SAN JUAN,SARMIENTO,SARMIENTO
18,14,18,SAN JUAN,25 DE MAYO,25 DE MAYO
18,15,4,SAN JUAN,CAUCETE,CAUCETE
18,16,17,SAN JUAN,VALLE FERTIL,VALLE FERTIL
18,17,7,SAN JUAN,JACHAL,JACHAL
18,18,6,SAN JUAN,IGLESIA,IGLESIA
18,19,3,SAN JUAN,CALINGASTA,CALINGASTA
19,1,1,SAN LUIS,ALTO PELADO,PUEYRREDON
19,1,2,SAN LUIS,ALTO PENCOSO,PUEYRREDON
19,1,6,SAN LUIS,BALDE,PUEYRREDON
19,1,8,SAN LUIS,BEAZLEY,PUEYRREDON
19,1,17,SAN LUIS,EL VOLCAN,PUEYRREDON
19,1,23,SAN LUIS,JUANA KOSLAY,PUEYRREDON
19,1,45,SAN LUIS,POTRERO DE LOS FUNES,PUEYRREDON
19,1,50,SAN LUIS,SAN JERONIMO,PUEYRREDON
19,1,51,SAN LUIS,SAN LUIS,PUEYRREDON
19,1,64,SAN LUIS,ZANJITAS,PUEYRREDON
19,1,66,SAN LUIS,LA PUNTA,PUEYRREDON
19,1,666,SAN LUIS,,PUEYRREDON
19,2,11,SAN LUIS,LA CAROLINA,PRINGLES
19,2,16,SAN LUIS,EL TRAPICHE,PRINGLES
19,2,20,SAN LUIS,FRAGA,PRINGLES
19,2,28,SAN LUIS,LA TOMA,PRINGLES
19,2,48,SAN LUIS,SALADILLO,PRINGLES
19,2,501,SAN LUIS,LA FLORIDA,PRINGLES
19,2,666,SAN LUIS,,PRINGLES
19,3,15,SAN LUIS,SAN JOSE DEL MORRO,PEDERNERA
19,3,21,SAN LUIS,JUAN JORBA,PEDERNERA
19,3,22,SAN LUIS,JUAN LLERENA,PEDERNERA
19,3,24,SAN LUIS,JUSTO DARACT,PEDERNERA
19,3,27,SAN LUIS,LA PUNILLA,PEDERNERA
19,3,34,SAN LUIS,LAVAISSE,PEDERNERA
19,3,63,SAN LUIS,VILLA MERCEDES,PEDERNERA
19,3,666,SAN LUIS,,PEDERNERA
19,4,13,SAN LUIS,CONCARAN,CHACABUCO
19,4,14,SAN LUIS,CORTADERAS,CHACABUCO
19,4,39,SAN LUIS,NASCHEL,CHACABUCO
19,4,43,SAN LUIS,PAPAGAYOS,CHACABUCO
19,4,47,SAN LUIS,RENCA,CHACABUCO
19,4,53,SAN LUIS,SAN PABLO,CHACABUCO
19,4,56,SAN LUIS,TILISARAO,CHACABUCO
19,4,60,SAN LUIS,VILLA DEL CARMEN,CHACABUCO
19,4,62,SAN LUIS,VILLA LARCA,CHACABUCO
19,5,30,SAN LUIS,LAS AGUADAS,SAN MARTIN
19,5,31,SAN LUIS,LAS CHACRAS,SAN MARTIN
19,5,32,SAN LUIS,LAS LAGUNAS,SAN MARTIN
19,5,33,SAN LUIS,LA VERTIENTE,SAN MARTIN
19,5,44,SAN LUIS,PASO GRANDE,SAN MARTIN
19,5,52,SAN LUIS,SAN MARTIN,SAN MARTIN
19,5,59,SAN LUIS,VILLA DE PRAGA,SAN MARTIN
19,5,666,SAN LUIS,,SAN MARTIN
19,6,12,SAN LUIS,CARPINTERIA,JUNIN
19,6,36,SAN LUIS,LOS MOLLES,JUNIN
19,6,38,SAN LUIS,MERLO,JUNIN
19,6,55,SAN LUIS,TALITA,JUNIN
19,6,502,SAN LUIS,LAFINUR,JUNIN
19,6,503,SAN LUIS,SANTA ROSA DE CONLARA,JUNIN
19,6,666,SAN LUIS,,JUNIN
19,7,10,SAN LUIS,CANDELARIA,AYACUCHO
19,7,35,SAN LUIS,LEANDRO N. ALEM,AYACUCHO
19,7,37,SAN LUIS,LUJAN,AYACUCHO
19,7,46,SAN LUIS,QUINES,AYACUCHO
19,7,49,SAN LUIS,SAN FRANCISCO,AYACUCHO
19,7,666,SAN LUIS,,AYACUCHO
19,8,25,SAN LUIS,LA CALERA,BELGRANO
19,8,41,SAN LUIS,NOGOLI,BELGRANO
19,8,61,SAN LUIS,VILLA GENERAL ROCA,BELGRANO
19,8,504,SAN LUIS,VILLA DE LA QUEBRADA,BELGRANO
19,8,666,SAN LUIS,,BELGRANO
19,9,3,SAN LUIS,ANCHORENA,GOBERNADOR DUPUY
19,9,4,SAN LUIS,ARIZONA,GOBERNADOR DUPUY
19,9,5,SAN LUIS,BAGUAL,GOBERNADOR DUPUY
19,9,7,SAN LUIS,BATAVIA,GOBERNADOR DUPUY
19,9,9,SAN LUIS,BUENA ESPERANZA,GOBERNADOR DUPUY
19,9,18,SAN LUIS,FORTIN EL PATRIA,GOBERNADOR DUPUY
19,9,19,SAN LUIS,FORTUNA,GOBERNADOR DUPUY
19,9,40,SAN LUIS,NAVIA,GOBERNADOR DUPUY
19,9,42,SAN LUIS,NUEVA GALIA,GOBERNADOR DUPUY
19,9,57,SAN LUIS,UNION,GOBERNADOR DUPUY
19,9,666,SAN LUIS,,GOBERNADOR DUPUY
20,1,3,SANTA CRUZ,CALETA OLIVIA,DESEADO
20,1,4,SANTA CRUZ,LAS HERAS,DESEADO
20,1,5,SANTA CRUZ,PICO TRUNCADO,DESEADO
20,1,6,SANTA CRUZ,PUERTO DESEADO,DESEADO
20,2,11,SANTA CRUZ,LOS ANTIGUOS,LAGO BUENOS AIRES
20,2,12,SANTA CRUZ,PERITO MORENO,LAGO BUENOS AIRES
20,3,13,SANTA CRUZ,PUERTO SAN JULIAN,MAGALLANES
20,4,14,SANTA CRUZ,GOBERNADOR GREGORES,RIO CHICO
20,5,1,SANTA CRUZ,COMANDANTE LUIS PIEDRABUENA,CORPEN AIKE
20,5,2,SANTA CRUZ,PUERTO SANTA CRUZ,CORPEN AIKE
20,6,10,SANTA CRUZ,EL CALAFATE,LAGO ARGENTINO
20,7,7,SANTA CRUZ,RIO GALLEGOS,GüER AIKE
20,7,8,SANTA CRUZ,RIO TURBIO,GüER AIKE
20,7,9,SANTA CRUZ,28 DE NOVIEMBRE,GüER AIKE
21,1,15,SANTA FE,ARMSTRONG,BELGRANO
21,1,35,SANTA FE,BOUQUET,BELGRANO
21,1,187,SANTA FE,LAS PAREJAS,BELGRANO
21,1,189,SANTA FE,LAS ROSAS,BELGRANO
21,1,225,SANTA FE,MONTES DE OCA,BELGRANO
21,1,337,SANTA FE,TORTUGAS,BELGRANO
21,2,13,SANTA FE,AREQUITO,CASEROS
21,2,22,SANTA FE,ARTEAGA,CASEROS
21,2,29,SANTA FE,BERABEVU,CASEROS
21,2,33,SANTA FE,BIGAND,CASEROS
21,2,59,SANTA FE,CASILDA,CASEROS
21,2,94,SANTA FE,CHABAS,CASEROS
21,2,95,SANTA FE,CHAñAR LADEADO,CASEROS
21,2,141,SANTA FE,GöDEKEN,CASEROS
21,2,200,SANTA FE,LOS MOLINOS,CASEROS
21,2,201,SANTA FE,LOS QUIRQUINCHOS,CASEROS
21,2,295,SANTA FE,SAN JOSE DE LA ESQUINA,CASEROS
21,2,304,SANTA FE,SANFORD,CASEROS
21,2,359,SANTA FE,VILLADA,CASEROS
21,3,11,SANTA FE,ANGELICA,CASTELLANOS
21,3,23,SANTA FE,ATALIVA,CASTELLANOS
21,3,24,SANTA FE,AURELIA,CASTELLANOS
21,3,27,SANTA FE,BAUER Y SIGEL,CASTELLANOS
21,3,28,SANTA FE,BELLA ITALIA,CASTELLANOS
21,3,68,SANTA FE,COLONIA ALDAO,CASTELLANOS
21,3,71,SANTA FE,COLONIA BIGAND,CASTELLANOS
21,3,74,SANTA FE,COLONIA CELLO,CASTELLANOS
21,3,78,SANTA FE,COLONIA ITURRASPE,CASTELLANOS
21,3,79,SANTA FE,MARGARITA,CASTELLANOS
21,3,81,SANTA FE,COLONIA RAQUEL,CASTELLANOS
21,3,88,SANTA FE,CORONEL FRAGA,CASTELLANOS
21,3,102,SANTA FE,EGUSQUIZA,CASTELLANOS
21,3,112,SANTA FE,ESMERALDA,CASTELLANOS
21,3,115,SANTA FE,ESTACION CLUCELLAS,CASTELLANOS
21,3,118,SANTA FE,SANTA EUSEBIA,CASTELLANOS
21,3,119,SANTA FE,EUSTOLIA,CASTELLANOS
21,3,121,SANTA FE,COLONIA FIDELA,CASTELLANOS
21,3,128,SANTA FE,FRONTERA,CASTELLANOS
21,3,132,SANTA FE,GALISTEO,CASTELLANOS
21,3,135,SANTA FE,GARIBALDI,CASTELLANOS
21,3,152,SANTA FE,COLONIA HUGENTOBLER,CASTELLANOS
21,3,154,SANTA FE,HUMBERTO PRIMO,CASTELLANOS
21,3,161,SANTA FE,JOSEFINA,CASTELLANOS
21,3,193,SANTA FE,LEHMANN,CASTELLANOS
21,3,210,SANTA FE,MARIA JUANA,CASTELLANOS
21,3,215,SANTA FE,COLONIA MAUA,CASTELLANOS
21,3,242,SANTA FE,PLAZA CLUCELLAS,CASTELLANOS
21,3,245,SANTA FE,PRESIDENTE ROCA,CASTELLANOS
21,3,251,SANTA FE,PUEBLO MARINI,CASTELLANOS
21,3,257,SANTA FE,RAFAELA,CASTELLANOS
21,3,259,SANTA FE,RAMONA,CASTELLANOS
21,3,270,SANTA FE,ESTACION SAGUIER,CASTELLANOS
21,3,274,SANTA FE,SAN ANTONIO (PUEBLO),CASTELLANOS
21,3,302,SANTA FE,SAN VICENTE,CASTELLANOS
21,3,306,SANTA FE,SANTA CLARA DE SAGUIER,CASTELLANOS
21,3,327,SANTA FE,SUNCHALES,CASTELLANOS
21,3,328,SANTA FE,SUSANA,CASTELLANOS
21,3,330,SANTA FE,TACURAL,CASTELLANOS
21,3,331,SANTA FE,TACURALES,CASTELLANOS
21,3,345,SANTA FE,VILA,CASTELLANOS
21,3,356,SANTA FE,VILLA SAN JOSE,CASTELLANOS
21,3,360,SANTA FE,VIRGINIA,CASTELLANOS
21,3,363,SANTA FE,ZENON PEREYRA,CASTELLANOS
21,3,371,SANTA FE,COLONIA BICHA,CASTELLANOS
21,3,372,SANTA FE,COLONIA CASTELLANOS,CASTELLANOS
21,4,5,SANTA FE,ALCORTA,CONSTITUCION
21,4,34,SANTA FE,BOMBAL,CONSTITUCION
21,4,47,SANTA FE,CAñADA RICA,CONSTITUCION
21,4,65,SANTA FE,CEPEDA,CONSTITUCION
21,4,111,SANTA FE,EMPALME VILLA CONSTITUCION,CONSTITUCION
21,4,137,SANTA FE,GENERAL GELLY,CONSTITUCION
21,4,142,SANTA FE,GODOY,CONSTITUCION
21,4,162,SANTA FE,JUAN BERNABE MOLINA,CONSTITUCION
21,4,164,SANTA FE,JUNCAL,CONSTITUCION
21,4,177,SANTA FE,LA VANGUARDIA,CONSTITUCION
21,4,216,SANTA FE,MAXIMO PAZ,CONSTITUCION
21,4,234,SANTA FE,PAVON,CONSTITUCION
21,4,235,SANTA FE,PAVON ARRIBA,CONSTITUCION
21,4,238,SANTA FE,PEYRANO,CONSTITUCION
21,4,267,SANTA FE,RUEDA,CONSTITUCION
21,4,313,SANTA FE,SANTA TERESA,CONSTITUCION
21,4,317,SANTA FE,SARGENTO CABRAL,CONSTITUCION
21,4,334,SANTA FE,THEOBALD,CONSTITUCION
21,4,349,SANTA FE,VILLA CONSTITUCION,CONSTITUCION
21,5,62,SANTA FE,CAYASTA,GARAY
21,5,80,SANTA FE,COLONIA MASCIAS,GARAY
21,5,148,SANTA FE,HELVECIA,GARAY
21,5,271,SANTA FE,SALADERO MARIANO CABAL,GARAY
21,5,312,SANTA FE,SANTA ROSA DE CALCHINES,GARAY
21,6,1,SANTA FE,AARON CASTELLANOS,GENERAL LOPEZ
21,6,10,SANTA FE,AMENABAR,GENERAL LOPEZ
21,6,39,SANTA FE,CAFFERATA,GENERAL LOPEZ
21,6,45,SANTA FE,CAñADA DEL UCLE,GENERAL LOPEZ
21,6,53,SANTA FE,CARMEN,GENERAL LOPEZ
21,6,55,SANTA FE,CARRERAS,GENERAL LOPEZ
21,6,96,SANTA FE,CHAPUY,GENERAL LOPEZ
21,6,97,SANTA FE,CHOVET,GENERAL LOPEZ
21,6,98,SANTA FE,COLONIA CHRISTOPHERSEN,GENERAL LOPEZ
21,6,101,SANTA FE,DIEGO DE ALVEAR,GENERAL LOPEZ
21,6,108,SANTA FE,ELORTONDO,GENERAL LOPEZ
21,6,123,SANTA FE,FIRMAT,GENERAL LOPEZ
21,6,153,SANTA FE,HUGHES,GENERAL LOPEZ
21,6,170,SANTA FE,LA CHISPA,GENERAL LOPEZ
21,6,178,SANTA FE,LABORDEBOY,GENERAL LOPEZ
21,6,192,SANTA FE,LAZZARINO,GENERAL LOPEZ
21,6,206,SANTA FE,MAGGIOLO,GENERAL LOPEZ
21,6,213,SANTA FE,MARIA TERESA,GENERAL LOPEZ
21,6,217,SANTA FE,MELINCUE,GENERAL LOPEZ
21,6,218,SANTA FE,MIGUEL TORRES (PUEBLO),GENERAL LOPEZ
21,6,226,SANTA FE,MURPHY,GENERAL LOPEZ
21,6,268,SANTA FE,RUFINO,GENERAL LOPEZ
21,6,282,SANTA FE,SAN EDUARDO,GENERAL LOPEZ
21,6,285,SANTA FE,SAN FRANCISCO DE SANTA FE,GENERAL LOPEZ
21,6,288,SANTA FE,SAN GREGORIO,GENERAL LOPEZ
21,6,303,SANTA FE,SANCTI SPIRITU,GENERAL LOPEZ
21,6,308,SANTA FE,SANTA ISABEL,GENERAL LOPEZ
21,6,333,SANTA FE,TEODELINA,GENERAL LOPEZ
21,6,341,SANTA FE,VENADO TUERTO,GENERAL LOPEZ
21,6,348,SANTA FE,VILLA CAñAS,GENERAL LOPEZ
21,6,361,SANTA FE,WHEELWRIGTH,GENERAL LOPEZ
21,7,18,SANTA FE,ARROYO CEIBAL,GENERAL OBLIGADO
21,7,25,SANTA FE,AVELLANEDA,GENERAL OBLIGADO
21,7,30,SANTA FE,BERNA,GENERAL OBLIGADO
21,7,103,SANTA FE,EL ARAZA,GENERAL OBLIGADO
21,7,104,SANTA FE,EL RABON,GENERAL OBLIGADO
21,7,105,SANTA FE,EL SOMBRERITO,GENERAL OBLIGADO
21,7,124,SANTA FE,FLORENCIA,GENERAL OBLIGADO
21,7,147,SANTA FE,GUADALUPE NORTE,GENERAL OBLIGADO
21,7,157,SANTA FE,INGENIERO CHANOURDIE,GENERAL OBLIGADO
21,7,176,SANTA FE,LA SARITA,GENERAL OBLIGADO
21,7,181,SANTA FE,LANTERI,GENERAL OBLIGADO
21,7,185,SANTA FE,LAS GARZAS,GENERAL OBLIGADO
21,7,190,SANTA FE,LAS TOSCAS,GENERAL OBLIGADO
21,7,199,SANTA FE,LOS LAURELES,GENERAL OBLIGADO
21,7,207,SANTA FE,MALABRIGO,GENERAL OBLIGADO
21,7,229,SANTA FE,NICANOR E. MOLINAS,GENERAL OBLIGADO
21,7,260,SANTA FE,RECONQUISTA,GENERAL OBLIGADO
21,7,275,SANTA FE,SAN ANTONIO DE OBLIGADO,GENERAL OBLIGADO
21,7,329,SANTA FE,TACUARENDI,GENERAL OBLIGADO
21,7,347,SANTA FE,VILLA ANA,GENERAL OBLIGADO
21,7,352,SANTA FE,VILLA GUILLERMINA,GENERAL OBLIGADO
21,7,355,SANTA FE,VILLA OCAMPO,GENERAL OBLIGADO
21,8,36,SANTA FE,BUSTINZA,IRIONDO
21,8,44,SANTA FE,CAñADA DE GOMEZ,IRIONDO
21,8,56,SANTA FE,CARRIZALES,IRIONDO
21,8,67,SANTA FE,CLASON,IRIONDO
21,8,90,SANTA FE,CORREA,IRIONDO
21,8,202,SANTA FE,LUCIO V. LOPEZ,IRIONDO
21,8,232,SANTA FE,OLIVEROS,IRIONDO
21,8,248,SANTA FE,PUEBLO ANDINO,IRIONDO
21,8,272,SANTA FE,SALTO GRANDE,IRIONDO
21,8,321,SANTA FE,SERODINO,IRIONDO
21,8,339,SANTA FE,TOTORAS,IRIONDO
21,8,350,SANTA FE,VILLA ELOISA,IRIONDO
21,9,17,SANTA FE,ARROYO AGUIAR,LA CAPITAL
21,9,19,SANTA FE,ARROYO LEYES,LA CAPITAL
21,9,37,SANTA FE,CABAL,LA CAPITAL
21,9,41,SANTA FE,CAMPO ANDINO,LA CAPITAL
21,9,43,SANTA FE,CANDIOTI,LA CAPITAL
21,9,109,SANTA FE,EMILIA,LA CAPITAL
21,9,179,SANTA FE,LAGUNA PAIVA,LA CAPITAL
21,9,204,SANTA FE,LLAMBI CAMPBELL,LA CAPITAL
21,9,223,SANTA FE,MONTE VERA,LA CAPITAL
21,9,228,SANTA FE,NELSON,LA CAPITAL
21,9,261,SANTA FE,RECREO,LA CAPITAL
21,9,296,SANTA FE,SAN JOSE DEL RICON,LA CAPITAL
21,9,307,SANTA FE,SANTA FE,LA CAPITAL
21,9,315,SANTA FE,SANTO TOME,LA CAPITAL
21,9,320,SANTA FE,SAUCE VIEJO,LA CAPITAL
21,11,83,SANTA FE,COLONIA SAN JOSE,LAS COLONIAS
21,11,92,SANTA FE,CULULU,LAS COLONIAS
21,11,107,SANTA FE,ELISA,LAS COLONIAS
21,11,110,SANTA FE,EMPALME SAN CARLOS,LAS COLONIAS
21,11,113,SANTA FE,ESPERANZA,LAS COLONIAS
21,11,120,SANTA FE,FELICIA,LAS COLONIAS
21,11,126,SANTA FE,FRANCK,LAS COLONIAS
21,11,146,SANTA FE,GRUTLY,LAS COLONIAS
21,11,150,SANTA FE,HIPATIA,LAS COLONIAS
21,11,155,SANTA FE,HUMBOLDT,LAS COLONIAS
21,11,159,SANTA FE,COLONIA ITUZAINGO,LAS COLONIAS
21,11,160,SANTA FE,JACINTO L. ARAUZ,LAS COLONIAS
21,11,173,SANTA FE,LA PELADA,LAS COLONIAS
21,11,191,SANTA FE,LAS TUNAS,LAS COLONIAS
21,11,211,SANTA FE,MARIA LUISA,LAS COLONIAS
21,11,214,SANTA FE,MATILDE,LAS COLONIAS
21,11,230,SANTA FE,NUEVO TORINO,LAS COLONIAS
21,11,240,SANTA FE,PILAR,LAS COLONIAS
21,11,246,SANTA FE,PROGRESO,LAS COLONIAS
21,11,247,SANTA FE,PROVIDENCIA,LAS COLONIAS
21,11,256,SANTA FE,PUJATO NORTE,LAS COLONIAS
21,11,263,SANTA FE,RIVADAVIA,LAS COLONIAS
21,11,269,SANTA FE,SA PEREIRA,LAS COLONIAS
21,11,273,SANTA FE,SAN AGUSTIN,LAS COLONIAS
21,11,278,SANTA FE,SAN CARLOS CENTRO,LAS COLONIAS
21,11,279,SANTA FE,SAN CARLOS NORTE,LAS COLONIAS
21,11,280,SANTA FE,SAN CARLOS SUD,LAS COLONIAS
21,11,291,SANTA FE,SAN JERONIMO DEL SAUCE,LAS COLONIAS
21,11,292,SANTA FE,SAN JERONIMO NORTE,LAS COLONIAS
21,11,299,SANTA FE,SAN MARIANO,LAS COLONIAS
21,11,305,SANTA FE,SANTA CLARA DE BUENA VISTA,LAS COLONIAS
21,11,310,SANTA FE,SANTA MARIA CENTRO,LAS COLONIAS
21,11,311,SANTA FE,SANTA MARIA NORTE,LAS COLONIAS
21,11,314,SANTA FE,SANTO DOMINGO,LAS COLONIAS
21,11,318,SANTA FE,SARMIENTO,LAS COLONIAS
21,11,325,SANTA FE,SOUTOMAYOR,LAS COLONIAS
21,11,368,SANTA FE,COLONIA CAVOUR,LAS COLONIAS
21,12,116,SANTA FE,ESTEBAN RAMS,NUEVE DE JULIO
21,12,136,SANTA FE,GATO COLORADO,NUEVE DE JULIO
21,12,145,SANTA FE,GREGORIA PEREZ DE DENIS,NUEVE DE JULIO
21,12,194,SANTA FE,LOGROñO,NUEVE DE JULIO
21,12,224,SANTA FE,MONTEFIORE,NUEVE DE JULIO
21,12,244,SANTA FE,POZO BORRADO,NUEVE DE JULIO
21,12,276,SANTA FE,SAN BERNARDO (N.J.),NUEVE DE JULIO
21,12,309,SANTA FE,SANTA MARGARITA,NUEVE DE JULIO
21,12,338,SANTA FE,TOSTADO,NUEVE DE JULIO
21,12,353,SANTA FE,VILLA MINETTI,NUEVE DE JULIO
21,12,367,SANTA FE,JUAN DE GARAY,NUEVE DE JULIO
21,13,2,SANTA FE,ACEBAL,ROSARIO
21,13,4,SANTA FE,ALBARELLOS,ROSARIO
21,13,8,SANTA FE,ALVAREZ,ROSARIO
21,13,14,SANTA FE,ARMINDA,ROSARIO
21,13,20,SANTA FE,ARROYO SECO,ROSARIO
21,13,54,SANTA FE,CARMEN DEL SAUCE,ROSARIO
21,13,87,SANTA FE,CORONEL BOGADO,ROSARIO
21,13,122,SANTA FE,FIGHIERA,ROSARIO
21,13,130,SANTA FE,FUNES,ROSARIO
21,13,138,SANTA FE,GENERAL LAGOS,ROSARIO
21,13,144,SANTA FE,GRANADERO BAIGORRIA,ROSARIO
21,13,156,SANTA FE,IBARLUCEA,ROSARIO
21,13,237,SANTA FE,PEREZ,ROSARIO
21,13,241,SANTA FE,PIñERO,ROSARIO
21,13,249,SANTA FE,PUEBLO ESTHER,ROSARIO
21,13,252,SANTA FE,PUEBLO MUñOZ,ROSARIO
21,13,266,SANTA FE,ROSARIO,ROSARIO
21,13,323,SANTA FE,SOLDINI,ROSARIO
21,13,346,SANTA FE,VILLA AMELIA,ROSARIO
21,13,351,SANTA FE,VILLA GOBERNADOR GALVEZ,ROSARIO
21,13,362,SANTA FE,ZAVALLA,ROSARIO
21,13,365,SANTA FE,ALVEAR (ESTACION),ROSARIO
21,13,369,SANTA FE,CORONEL RODOLFO S. DOMINGUEZ,ROSARIO
21,13,376,SANTA FE,URANGA,ROSARIO
21,16,3,SANTA FE,AGUARA,SAN CRISTOBAL
21,16,9,SANTA FE,AMBROSETTI,SAN CRISTOBAL
21,16,21,SANTA FE,ARRUFO,SAN CRISTOBAL
21,16,50,SANTA FE,CAPIVARA,SAN CRISTOBAL
21,16,66,SANTA FE,CERES,SAN CRISTOBAL
21,16,69,SANTA FE,COLONIA ANA,SAN CRISTOBAL
21,16,72,SANTA FE,BOSSI,SAN CRISTOBAL
21,16,76,SANTA FE,COLONIA DOS ROSAS Y LA LEGUA,SAN CRISTOBAL
21,16,82,SANTA FE,COLONIA ROSA,SAN CRISTOBAL
21,16,84,SANTA FE,CONSTANZA,SAN CRISTOBAL
21,16,93,SANTA FE,CURUPAITY,SAN CRISTOBAL
21,16,149,SANTA FE,HERSILIA,SAN CRISTOBAL
21,16,151,SANTA FE,HUANQUEROS,SAN CRISTOBAL
21,16,166,SANTA FE,LA CABRAL,SAN CRISTOBAL
21,16,168,SANTA FE,COLONIA LA CLARA,SAN CRISTOBAL
21,16,172,SANTA FE,LA LUCILA,SAN CRISTOBAL
21,16,175,SANTA FE,LA RUBIA,SAN CRISTOBAL
21,16,183,SANTA FE,LAS AVISPAS,SAN CRISTOBAL
21,16,186,SANTA FE,LAS PALMERAS,SAN CRISTOBAL
21,16,219,SANTA FE,MOISES VILLE,SAN CRISTOBAL
21,16,220,SANTA FE,MONIGOTES,SAN CRISTOBAL
21,16,222,SANTA FE,MONTE OSCURIDAD,SAN CRISTOBAL
21,16,231,SANTA FE,ÑANDUCITA,SAN CRISTOBAL
21,16,233,SANTA FE,PALACIOS,SAN CRISTOBAL
21,16,243,SANTA FE,PORTUGALETE,SAN CRISTOBAL
21,16,281,SANTA FE,SAN CRISTOBAL,SAN CRISTOBAL
21,16,289,SANTA FE,SAN GUILLERMO,SAN CRISTOBAL
21,16,316,SANTA FE,SANTURCE,SAN CRISTOBAL
21,16,324,SANTA FE,SOLEDAD,SAN CRISTOBAL
21,16,326,SANTA FE,SUARDI,SAN CRISTOBAL
21,16,357,SANTA FE,VILLA SARALEGUI,SAN CRISTOBAL
21,16,358,SANTA FE,VILLA TRINIDAD,SAN CRISTOBAL
21,17,7,SANTA FE,ALEJANDRA,SAN JAVIER
21,17,38,SANTA FE,CACIQUE ARIACAIQUIN,SAN JAVIER
21,17,77,SANTA FE,COLONIA DURAN,SAN JAVIER
21,17,165,SANTA FE,LA BRAVA,SAN JAVIER
21,17,265,SANTA FE,ROMANG,SAN JAVIER
21,17,290,SANTA FE,SAN JAVIER,SAN JAVIER
21,18,16,SANTA FE,AROCENA,SAN JERONIMO
21,18,26,SANTA FE,BARRANCAS,SAN JERONIMO
21,18,31,SANTA FE,BERNARDO DE IRIGOYEN,SAN JERONIMO
21,18,57,SANTA FE,CASALEGNO,SAN JERONIMO
21,18,64,SANTA FE,CENTENO,SAN JERONIMO
21,18,85,SANTA FE,CORONDA,SAN JERONIMO
21,18,99,SANTA FE,DESVIO ARIJON,SAN JERONIMO
21,18,100,SANTA FE,DIAZ,SAN JERONIMO
21,18,131,SANTA FE,GABOTO,SAN JERONIMO
21,18,133,SANTA FE,GALVEZ,SAN JERONIMO
21,18,139,SANTA FE,GESSLER,SAN JERONIMO
21,18,182,SANTA FE,LARRECHEA,SAN JERONIMO
21,18,196,SANTA FE,LOPEZ,SAN JERONIMO
21,18,205,SANTA FE,MACIEL,SAN JERONIMO
21,18,221,SANTA FE,MONJE,SAN JERONIMO
21,18,283,SANTA FE,SAN EUGENIO,SAN JERONIMO
21,18,284,SANTA FE,SAN FABIAN,SAN JERONIMO
21,18,286,SANTA FE,SAN GENARO,SAN JERONIMO
21,18,373,SANTA FE,IRIGOYEN,SAN JERONIMO
21,18,375,SANTA FE,CAMPO PIAGGIO,SAN JERONIMO
21,18,501,SANTA FE,LOMA ALTA,SAN JERONIMO
21,19,12,SANTA FE,ANGELONI,SAN JUSTO
21,19,63,SANTA FE,CAYASTACITO,SAN JUSTO
21,19,75,SANTA FE,COLONIA DOLORES,SAN JUSTO
21,19,117,SANTA FE,COLONIA ESTHER,SAN JUSTO
21,19,140,SANTA FE,GOBERNADOR CRESPO,SAN JUSTO
21,19,167,SANTA FE,LA CAMILA,SAN JUSTO
21,19,169,SANTA FE,LA CRIOLLA,SAN JUSTO
21,19,174,SANTA FE,LA PENCA Y CARAGUATA,SAN JUSTO
21,19,208,SANTA FE,MARCELINO ESCALADA,SAN JUSTO
21,19,227,SANTA FE,NARE,SAN JUSTO
21,19,236,SANTA FE,PEDRO GOMEZ CELLO,SAN JUSTO
21,19,258,SANTA FE,RAMAYON,SAN JUSTO
21,19,277,SANTA FE,SAN BERNARDO (S.J.),SAN JUSTO
21,19,297,SANTA FE,SAN JUSTO,SAN JUSTO
21,19,301,SANTA FE,SAN MARTIN NORTE,SAN JUSTO
21,19,322,SANTA FE,COLONIA SILVA,SAN JUSTO
21,19,343,SANTA FE,VERA Y PINTADO,SAN JUSTO
21,19,344,SANTA FE,VIDELA,SAN JUSTO
21,20,6,SANTA FE,ALDAO,SAN LORENZO
21,20,49,SANTA FE,CAPITAN BERMUDEZ,SAN LORENZO
21,20,51,SANTA FE,CARCARAñA,SAN LORENZO
21,20,86,SANTA FE,CORONEL ARNOLD,SAN LORENZO
21,20,127,SANTA FE,FRAY LUIS BELTRAN,SAN LORENZO
21,20,129,SANTA FE,FUENTES,SAN LORENZO
21,20,203,SANTA FE,LUIS PALACIOS,SAN LORENZO
21,20,254,SANTA FE,PUERTO GENERAL SAN MARTIN,SAN LORENZO
21,20,255,SANTA FE,PUJATO,SAN LORENZO
21,20,262,SANTA FE,RICARDONE,SAN LORENZO
21,20,264,SANTA FE,ROLDAN,SAN LORENZO
21,20,293,SANTA FE,SAN JERONIMO SUD,SAN LORENZO
21,20,298,SANTA FE,SAN LORENZO,SAN LORENZO
21,20,335,SANTA FE,TIMBUES,SAN LORENZO
21,20,354,SANTA FE,VILLA MUGUETA,SAN LORENZO
21,21,48,SANTA FE,CAñADA ROSQUIN,SAN MARTIN
21,21,52,SANTA FE,CARLOS PELLEGRINI,SAN MARTIN
21,21,58,SANTA FE,CASAS,SAN MARTIN
21,21,60,SANTA FE,CASTELAR,SAN MARTIN
21,21,70,SANTA FE,COLONIA BELGRANO,SAN MARTIN
21,21,91,SANTA FE,CRISPI,SAN MARTIN
21,21,106,SANTA FE,EL TREBOL,SAN MARTIN
21,21,180,SANTA FE,LANDETA,SAN MARTIN
21,21,184,SANTA FE,LAS BANDURRIAS,SAN MARTIN
21,21,188,SANTA FE,LAS PETACAS,SAN MARTIN
21,21,198,SANTA FE,LOS CARDOS,SAN MARTIN
21,21,212,SANTA FE,MARIA SUSANA,SAN MARTIN
21,21,239,SANTA FE,PIAMONTE,SAN MARTIN
21,21,294,SANTA FE,SAN JORGE,SAN MARTIN
21,21,300,SANTA FE,SAN MARTIN DE LAS ESCOBAS,SAN MARTIN
21,21,319,SANTA FE,SASTRE,SAN MARTIN
21,21,340,SANTA FE,TRAILL,SAN MARTIN
21,22,40,SANTA FE,CALCHAQUI,VERA
21,22,46,SANTA FE,CAñADA OMBU,VERA
21,22,125,SANTA FE,FORTIN OLMOS,VERA
21,22,134,SANTA FE,GARABATO,VERA
21,22,143,SANTA FE,GOLONDRINA,VERA
21,22,158,SANTA FE,INTIYACO,VERA
21,22,171,SANTA FE,LA GALLARETA,VERA
21,22,197,SANTA FE,LOS AMORES,VERA
21,22,209,SANTA FE,COLONIA MARGARITA,VERA
21,22,332,SANTA FE,TARTAGAL,VERA
21,22,336,SANTA FE,TOBA,VERA
21,22,342,SANTA FE,VERA,VERA
22,1,22,SANTIAGO DEL ESTERO,SANTIAGO DEL ESTERO,CAPITAL
22,1,436,SANTIAGO DEL ESTERO,EL DEAN,CAPITAL
22,1,490,SANTIAGO DEL ESTERO,REMES,CAPITAL
22,1,494,SANTIAGO DEL ESTERO,SAN BENITO B. C.,CAPITAL
22,1,496,SANTIAGO DEL ESTERO,SAN PEDRO,CAPITAL
22,1,500,SANTIAGO DEL ESTERO,SANTA MARIA,CAPITAL
22,1,505,SANTIAGO DEL ESTERO,SOL DE MAYO,CAPITAL
22,1,531,SANTIAGO DEL ESTERO,VILLA ZANJON,CAPITAL
22,1,534,SANTIAGO DEL ESTERO,VUELTA DE LA BARRANCA,CAPITAL
22,2,6,SANTIAGO DEL ESTERO,COLONIA DORA,AVELLANEDA
22,2,448,SANTIAGO DEL ESTERO,HERRERA,AVELLANEDA
22,2,451,SANTIAGO DEL ESTERO,ICAñO,AVELLANEDA
22,2,472,SANTIAGO DEL ESTERO,LUGONES,AVELLANEDA
22,2,485,SANTIAGO DEL ESTERO,PUNTA POZO,AVELLANEDA
22,2,489,SANTIAGO DEL ESTERO,REAL SAYANA,AVELLANEDA
22,2,522,SANTIAGO DEL ESTERO,VILLA MAILIN,AVELLANEDA
22,2,666,SANTIAGO DEL ESTERO,,AVELLANEDA
22,3,18,SANTIAGO DEL ESTERO,PINTO,AGUIRRE
22,3,409,SANTIAGO DEL ESTERO,ARGENTINA,AGUIRRE
22,3,417,SANTIAGO DEL ESTERO,CASARES,AGUIRRE
22,3,473,SANTIAGO DEL ESTERO,MALBRAN,AGUIRRE
22,4,4,SANTIAGO DEL ESTERO,CAMPO GALLO,ALBERDI
22,4,427,SANTIAGO DEL ESTERO,DONADEU,ALBERDI
22,4,450,SANTIAGO DEL ESTERO,HUACHANA,ALBERDI
22,4,493,SANTIAGO DEL ESTERO,SACHAYOJ,ALBERDI
22,4,502,SANTIAGO DEL ESTERO,SANTOS LUGARES,ALBERDI
22,4,666,SANTIAGO DEL ESTERO,,ALBERDI
22,5,28,SANTIAGO DEL ESTERO,VILLA ATAMISQUI,ATAMISQUI
22,5,439,SANTIAGO DEL ESTERO,ESTACION ATAMISQUI,ATAMISQUI
22,5,449,SANTIAGO DEL ESTERO,HOYON,ATAMISQUI
22,5,452,SANTIAGO DEL ESTERO,JUANILLO,ATAMISQUI
22,5,475,SANTIAGO DEL ESTERO,MEDELLIN,ATAMISQUI
22,5,666,SANTIAGO DEL ESTERO,,ATAMISQUI
22,6,5,SANTIAGO DEL ESTERO,CLODOMIRA,BANDA
22,6,10,SANTIAGO DEL ESTERO,LA BANDA (I),BANDA
22,6,11,SANTIAGO DEL ESTERO,LA BANDA (II),BANDA
22,6,401,SANTIAGO DEL ESTERO,ABRA GRANDE,BANDA
22,6,407,SANTIAGO DEL ESTERO,ANTAJE,BANDA
22,6,408,SANTIAGO DEL ESTERO,ARDILES,BANDA
22,6,416,SANTIAGO DEL ESTERO,CAñADA ESCOBAR,BANDA
22,6,419,SANTIAGO DEL ESTERO,CHAUPI POZO,BANDA
22,6,429,SANTIAGO DEL ESTERO,EL AIBE,BANDA
22,6,441,SANTIAGO DEL ESTERO,ESTACION SIMBOLAR,BANDA
22,6,454,SANTIAGO DEL ESTERO,LA AURORA,BANDA
22,6,470,SANTIAGO DEL ESTERO,LOS QUIROGA,BANDA
22,6,478,SANTIAGO DEL ESTERO,NEGRA MUERTA,BANDA
22,6,497,SANTIAGO DEL ESTERO,SAN RAMON - LA DARSENA,BANDA
22,6,666,SANTIAGO DEL ESTERO,,BANDA
22,7,2,SANTIAGO DEL ESTERO,BANDERA,BELGRANO
22,7,426,SANTIAGO DEL ESTERO,CUATRO BOCAS,BELGRANO
22,7,442,SANTIAGO DEL ESTERO,FORTIN INCA,BELGRANO
22,7,447,SANTIAGO DEL ESTERO,GUARDIA ESCOLTA,BELGRANO
22,8,15,SANTIAGO DEL ESTERO,MONTE QUEMADO,COPO
22,8,17,SANTIAGO DEL ESTERO,PAMPA DE LOS GUANACOS,COPO
22,8,403,SANTIAGO DEL ESTERO,AHI VEREMOS (COPO),COPO
22,8,432,SANTIAGO DEL ESTERO,EL CABURE,COPO
22,8,469,SANTIAGO DEL ESTERO,LOS PIRPINTOS,COPO
22,8,495,SANTIAGO DEL ESTERO,SAN JOSE DEL BOQUERON,COPO
22,8,523,SANTIAGO DEL ESTERO,VILLA MATOQUE,COPO
22,9,8,SANTIAGO DEL ESTERO,FRIAS,CHOYA
22,9,421,SANTIAGO DEL ESTERO,CHOYA,CHOYA
22,9,460,SANTIAGO DEL ESTERO,LAPRIDA,CHOYA
22,9,510,SANTIAGO DEL ESTERO,TAPSO,CHOYA
22,9,521,SANTIAGO DEL ESTERO,VILLA LA PUNTA,CHOYA
22,9,666,SANTIAGO DEL ESTERO,,CHOYA
22,10,413,SANTIAGO DEL ESTERO,BANDERA BAJADA,FIGUEROA
22,10,418,SANTIAGO DEL ESTERO,CASPI CORRAL,FIGUEROA
22,10,423,SANTIAGO DEL ESTERO,COLONIA EL SIMBOLAR,FIGUEROA
22,10,455,SANTIAGO DEL ESTERO,LA CAñADA,FIGUEROA
22,10,456,SANTIAGO DEL ESTERO,LA INVERNADA,FIGUEROA
22,10,514,SANTIAGO DEL ESTERO,VACA HUAñUNA,FIGUEROA
22,10,518,SANTIAGO DEL ESTERO,VILLA FIGUEROA,FIGUEROA
22,10,666,SANTIAGO DEL ESTERO,,FIGUEROA
22,11,21,SANTIAGO DEL ESTERO,SAN PEDRO DE GUASAYAN,GUASAYAN
22,11,428,SANTIAGO DEL ESTERO,DOñA LUISA,GUASAYAN
22,11,446,SANTIAGO DEL ESTERO,GUAMPACHA,GUASAYAN
22,11,463,SANTIAGO DEL ESTERO,LAVALLE,GUASAYAN
22,11,499,SANTIAGO DEL ESTERO,SANTA CATALINA,GUASAYAN
22,11,519,SANTIAGO DEL ESTERO,VILLA GUASAYAN,GUASAYAN
22,11,666,SANTIAGO DEL ESTERO,,GUASAYAN
22,12,19,SANTIAGO DEL ESTERO,POZO HONDO,JIMENEZ
22,12,430,SANTIAGO DEL ESTERO,EL ARENAL,JIMENEZ
22,12,431,SANTIAGO DEL ESTERO,EL BOBADAL,JIMENEZ
22,12,433,SANTIAGO DEL ESTERO,EL CHARCO,JIMENEZ
22,12,444,SANTIAGO DEL ESTERO,GRAMILLA,JIMENEZ
22,12,513,SANTIAGO DEL ESTERO,TRES CRUCES,JIMENEZ
22,12,666,SANTIAGO DEL ESTERO,,JIMENEZ
22,13,12,SANTIAGO DEL ESTERO,LORETO,LORETO
22,13,458,SANTIAGO DEL ESTERO,LA NORIA,LORETO
22,13,498,SANTIAGO DEL ESTERO,SAN VICENTE,LORETO
22,13,503,SANTIAGO DEL ESTERO,SAUCE SOLO,LORETO
22,13,511,SANTIAGO DEL ESTERO,TIO POZO,LORETO
22,13,525,SANTIAGO DEL ESTERO,VILLA NUEVA,LORETO
22,13,666,SANTIAGO DEL ESTERO,,LORETO
22,14,25,SANTIAGO DEL ESTERO,SUNCHO CORRAL,JUAN F. IBARRA
22,14,434,SANTIAGO DEL ESTERO,EL COLORADO,JUAN F. IBARRA
22,14,435,SANTIAGO DEL ESTERO,EL CUADRADO,JUAN F. IBARRA
22,14,474,SANTIAGO DEL ESTERO,MATARA,JUAN F. IBARRA
22,14,476,SANTIAGO DEL ESTERO,MELERO,JUAN F. IBARRA
22,14,483,SANTIAGO DEL ESTERO,POZO DEL TOBA,JUAN F. IBARRA
22,14,491,SANTIAGO DEL ESTERO,ROLDAN,JUAN F. IBARRA
22,14,516,SANTIAGO DEL ESTERO,VILELAS,JUAN F. IBARRA
22,14,666,SANTIAGO DEL ESTERO,,JUAN F. IBARRA
22,15,530,SANTIAGO DEL ESTERO,VILLA UNION,MITRE
22,15,666,SANTIAGO DEL ESTERO,,MITRE
22,16,20,SANTIAGO DEL ESTERO,QUIMILI,MORENO
22,16,27,SANTIAGO DEL ESTERO,TINTINA,MORENO
22,16,405,SANTIAGO DEL ESTERO,AMAMA,MORENO
22,16,445,SANTIAGO DEL ESTERO,GRANADERO GATICA,MORENO
22,16,462,SANTIAGO DEL ESTERO,LAS TINAJAS,MORENO
22,16,465,SANTIAGO DEL ESTERO,LIBERTAD,MORENO
22,16,466,SANTIAGO DEL ESTERO,LILO VIEJO - PATAY,MORENO
22,16,480,SANTIAGO DEL ESTERO,OTUMPA,MORENO
22,16,517,SANTIAGO DEL ESTERO,VILLA BRANA,MORENO
22,16,535,SANTIAGO DEL ESTERO,WEISBURD,MORENO
22,16,666,SANTIAGO DEL ESTERO,,MORENO
22,17,29,SANTIAGO DEL ESTERO,VILLA OJO DE AGUA,OJO DE AGUA
22,17,453,SANTIAGO DEL ESTERO,KILOMETRO 49,OJO DE AGUA
22,17,504,SANTIAGO DEL ESTERO,SOL DE JULIO,OJO DE AGUA
22,18,16,SANTIAGO DEL ESTERO,NUEVA ESPERANZA,PELLEGRINI
22,18,404,SANTIAGO DEL ESTERO,AHI VEREMOS (PELLEGRINI),PELLEGRINI
22,18,415,SANTIAGO DEL ESTERO,CAMPO GRANDE,PELLEGRINI
22,18,437,SANTIAGO DEL ESTERO,EL MOJON,PELLEGRINI
22,18,461,SANTIAGO DEL ESTERO,LAS DELICIAS,PELLEGRINI
22,18,482,SANTIAGO DEL ESTERO,POZO BETBEDER,PELLEGRINI
22,18,486,SANTIAGO DEL ESTERO,QUEBRACHO COTO,PELLEGRINI
22,18,488,SANTIAGO DEL ESTERO,RAPELLI,PELLEGRINI
22,18,501,SANTIAGO DEL ESTERO,SANTO DOMINGO,PELLEGRINI
22,18,524,SANTIAGO DEL ESTERO,VILLA MERCEDES,PELLEGRINI
22,18,666,SANTIAGO DEL ESTERO,,PELLEGRINI
22,19,24,SANTIAGO DEL ESTERO,SUMAMPA,QUEBRACHOS
22,19,487,SANTIAGO DEL ESTERO,RAMIREZ DE VELAZCO,QUEBRACHOS
22,19,666,SANTIAGO DEL ESTERO,,QUEBRACHOS
22,20,23,SANTIAGO DEL ESTERO,SELVA,RIVADAVIA
22,20,422,SANTIAGO DEL ESTERO,COLONIA ALPINA,RIVADAVIA
22,20,481,SANTIAGO DEL ESTERO,PALO NEGRO,RIVADAVIA
22,20,666,SANTIAGO DEL ESTERO,,RIVADAVIA
22,21,3,SANTIAGO DEL ESTERO,BELTRAN,ROBLES
22,21,7,SANTIAGO DEL ESTERO,FERNANDEZ,ROBLES
22,21,9,SANTIAGO DEL ESTERO,INGENIERO FORRES,ROBLES
22,21,424,SANTIAGO DEL ESTERO,COLONIA SAN JUAN,ROBLES
22,21,471,SANTIAGO DEL ESTERO,LOS ROMANOS-SANTO DOMINGO,ROBLES
22,21,520,SANTIAGO DEL ESTERO,VILLA HIPOLITA,ROBLES
22,21,527,SANTIAGO DEL ESTERO,VILLA ROBLES,ROBLES
22,21,532,SANTIAGO DEL ESTERO,VILMER,ROBLES
22,21,666,SANTIAGO DEL ESTERO,,ROBLES
22,22,26,SANTIAGO DEL ESTERO,TERMAS DE RIO HONDO,RIO HONDO
22,22,402,SANTIAGO DEL ESTERO,ACOS POZO DEL ARBOLITO,RIO HONDO
22,22,406,SANTIAGO DEL ESTERO,AMICHA,RIO HONDO
22,22,425,SANTIAGO DEL ESTERO,COLONIA TINCO,RIO HONDO
22,22,438,SANTIAGO DEL ESTERO,EL SAUZAL,RIO HONDO
22,22,464,SANTIAGO DEL ESTERO,LESCANO,RIO HONDO
22,22,467,SANTIAGO DEL ESTERO,LOS NUñEZ,RIO HONDO
22,22,468,SANTIAGO DEL ESTERO,LOS OVEJERO,RIO HONDO
22,22,484,SANTIAGO DEL ESTERO,POZUELOS,RIO HONDO
22,22,506,SANTIAGO DEL ESTERO,SOTELO,RIO HONDO
22,22,526,SANTIAGO DEL ESTERO,VILLA RIO HONDO,RIO HONDO
22,22,533,SANTIAGO DEL ESTERO,VINARA,RIO HONDO
22,22,666,SANTIAGO DEL ESTERO,,RIO HONDO
22,23,410,SANTIAGO DEL ESTERO,ARRAGA,SILIPICA
22,23,477,SANTIAGO DEL ESTERO,MANOGASTA,SILIPICA
22,23,479,SANTIAGO DEL ESTERO,NUEVA FRANCIA,SILIPICA
22,23,507,SANTIAGO DEL ESTERO,SUMAMAO,SILIPICA
22,23,529,SANTIAGO DEL ESTERO,VILLA SILIPICA,SILIPICA
22,24,411,SANTIAGO DEL ESTERO,ATOJ POZO,SAN MARTIN
22,24,414,SANTIAGO DEL ESTERO,BREA POZO,SAN MARTIN
22,24,440,SANTIAGO DEL ESTERO,ESTACION ROBLES,SAN MARTIN
22,24,508,SANTIAGO DEL ESTERO,TABOADA,SAN MARTIN
22,24,666,SANTIAGO DEL ESTERO,,SAN MARTIN
22,25,14,SANTIAGO DEL ESTERO,LOS TELARES,SALAVINA
22,25,420,SANTIAGO DEL ESTERO,CHILCA JULIANA,SALAVINA
22,25,459,SANTIAGO DEL ESTERO,LA PALIZA,SALAVINA
22,25,492,SANTIAGO DEL ESTERO,SABAGASTA,SALAVINA
22,25,515,SANTIAGO DEL ESTERO,VACA HUMAN,SALAVINA
22,25,528,SANTIAGO DEL ESTERO,VILLA SALAVINA,SALAVINA
22,25,666,SANTIAGO DEL ESTERO,,SALAVINA
22,26,443,SANTIAGO DEL ESTERO,GARZA,SARMIENTO
22,26,666,SANTIAGO DEL ESTERO,,SARMIENTO
22,27,1,SANTIAGO DEL ESTERO,AñATUYA,TABOADA
22,27,13,SANTIAGO DEL ESTERO,LOS JURIES,TABOADA
22,27,412,SANTIAGO DEL ESTERO,AVERIAS,TABOADA
22,27,457,SANTIAGO DEL ESTERO,LA NENA / SIMONA,TABOADA
22,27,509,SANTIAGO DEL ESTERO,TACAñITAS,TABOADA
22,27,512,SANTIAGO DEL ESTERO,TOMAS YOUNG,TABOADA
22,27,666,SANTIAGO DEL ESTERO,,TABOADA
23,1,86,TUCUMAN,SAN MIGUEL DE TUCUMAN,CAPITAL
23,2,28,TUCUMAN,EL MANANTIAL,LULES
23,2,65,TUCUMAN,SAN ISIDRO DE LULES,LULES
23,2,82,TUCUMAN,SAN FELIPE Y SANTA BARBARA,LULES
23,2,87,TUCUMAN,SAN PABLO Y VILLA NOUGUES,LULES
23,3,40,TUCUMAN,FAMAILLA,FAMAILLA
23,4,1,TUCUMAN,ACHERAL,MONTEROS
23,4,8,TUCUMAN,AMBERES,MONTEROS
23,4,16,TUCUMAN,CAPITAN CACERES,MONTEROS
23,4,26,TUCUMAN,EL CERCADO,MONTEROS
23,4,64,TUCUMAN,LOS SOSAS,MONTEROS
23,4,71,TUCUMAN,MONTEROS,MONTEROS
23,4,79,TUCUMAN,RIO SECO,MONTEROS
23,4,92,TUCUMAN,SANTA LUCIA,MONTEROS
23,4,94,TUCUMAN,SANTA ROSA Y LOS ROJO,MONTEROS
23,4,95,TUCUMAN,SARGENTO MOYA,MONTEROS
23,4,98,TUCUMAN,SOLDADO MALDONADO,MONTEROS
23,4,103,TUCUMAN,TENIENTE BERDINA,MONTEROS
23,4,109,TUCUMAN,VILLA QUINTEROS,MONTEROS
23,5,5,TUCUMAN,ALPACHIRI Y EL MOLINO,CHICLIGASTA
23,5,6,TUCUMAN,ALTO VERDE Y LOS GUCHEAS,CHICLIGASTA
23,5,10,TUCUMAN,ARCADIA,CHICLIGASTA
23,5,21,TUCUMAN,CONCEPCION,CHICLIGASTA
23,5,41,TUCUMAN,GASTONA Y BELICHA,CHICLIGASTA
23,5,51,TUCUMAN,LA TRINIDAD,CHICLIGASTA
23,5,68,TUCUMAN,MEDINAS,CHICLIGASTA
23,6,3,TUCUMAN,AGUILARES,RIO CHICO
23,6,33,TUCUMAN,EL POLEAR,RIO CHICO
23,6,63,TUCUMAN,LOS SARMIENTOS Y LAS TIPAS,RIO CHICO
23,6,69,TUCUMAN,MONTE BELLO,RIO CHICO
23,6,90,TUCUMAN,SANTA ANA,RIO CHICO
23,7,37,TUCUMAN,ESCABA,ALBERDI
23,7,46,TUCUMAN,JUAN BAUTISTA ALBERDI,ALBERDI
23,7,105,TUCUMAN,VILLA BELGRANO,ALBERDI
23,8,35,TUCUMAN,EL SACRIFICIO,LA COCHA
23,8,45,TUCUMAN,HUASA PAMPA,LA COCHA
23,8,47,TUCUMAN,LA COCHA,LA COCHA
23,8,80,TUCUMAN,RUMI PUNCO,LA COCHA
23,8,83,TUCUMAN,SAN IGNACIO,LA COCHA
23,8,85,TUCUMAN,SAN JOSE DE LA COCHA,LA COCHA
23,8,110,TUCUMAN,YANIMA,LA COCHA
23,9,44,TUCUMAN,GRANEROS,GRANEROS
23,9,52,TUCUMAN,LAMADRID,GRANEROS
23,9,99,TUCUMAN,TACO RALO,GRANEROS
23,10,11,TUCUMAN,ATAHONA,SIMOCA
23,10,14,TUCUMAN,BUENA VISTA,SIMOCA
23,10,18,TUCUMAN,CIUDACITA,SIMOCA
23,10,67,TUCUMAN,MANUELA PEDRAZA,SIMOCA
23,10,70,TUCUMAN,MONTEAGUDO,SIMOCA
23,10,73,TUCUMAN,PAMPA MAYO,SIMOCA
23,10,78,TUCUMAN,RIO CHICO Y NUEVA TRINIDAD,SIMOCA
23,10,89,TUCUMAN,SAN PEDRO Y SAN ANTONIO,SIMOCA
23,10,91,TUCUMAN,SANTA CRUZ Y LA TUNA,SIMOCA
23,10,97,TUCUMAN,SIMOCA,SIMOCA
23,10,107,TUCUMAN,VILLA CHIGLIGASTA,SIMOCA
23,10,112,TUCUMAN,YERBA BUENA (SIMOCA),SIMOCA
23,11,2,TUCUMAN,AGUA DULCE Y LA SOLEDAD,LEALES
23,11,13,TUCUMAN,BELLA VISTA,LEALES
23,11,29,TUCUMAN,EL MOJON,LEALES
23,11,38,TUCUMAN,ESQUINA Y MANCOPA,LEALES
23,11,39,TUCUMAN,ESTACION ARAOZ Y TACANAS,LEALES
23,11,54,TUCUMAN,LAS TALAS,LEALES
23,11,57,TUCUMAN,LOS GOMEZ,LEALES
23,11,61,TUCUMAN,LOS PUESTOS,LEALES
23,11,66,TUCUMAN,MANUEL GARCIA FERNANDEZ,LEALES
23,11,74,TUCUMAN,QUILMES Y LOS SUELDOS,LEALES
23,11,77,TUCUMAN,RIO COLORADO,LEALES
23,11,93,TUCUMAN,SANTA ROSA DE LEALES,LEALES
23,11,108,TUCUMAN,VILLA DE LEALES,LEALES
23,12,4,TUCUMAN,ALDERETES,CRUZ ALTA
23,12,12,TUCUMAN,BANDA DEL RIO SALI,CRUZ ALTA
23,12,20,TUCUMAN,COLOMBRES,CRUZ ALTA
23,12,23,TUCUMAN,DELFIN GALLO,CRUZ ALTA
23,12,24,TUCUMAN,EL BRACHO Y EL CEVILAR,CRUZ ALTA
23,12,31,TUCUMAN,EL NARANJITO,CRUZ ALTA
23,12,49,TUCUMAN,LA FLORIDA Y LUISIANA,CRUZ ALTA
23,12,53,TUCUMAN,LAS CEJAS,CRUZ ALTA
23,12,56,TUCUMAN,LOS BULACIO Y LOS VILLAGRA,CRUZ ALTA
23,12,59,TUCUMAN,LOS PEREYRAS,CRUZ ALTA
23,12,60,TUCUMAN,LOS PEREZ,CRUZ ALTA
23,12,62,TUCUMAN,LOS RALOS,CRUZ ALTA
23,12,76,TUCUMAN,RANCHILLOS Y SAN MIGUEL,CRUZ ALTA
23,12,81,TUCUMAN,SAN ANDRES,CRUZ ALTA
23,12,666,TUCUMAN,,CRUZ ALTA
23,13,15,TUCUMAN,BURRUYACU,BURRUYACU
23,13,27,TUCUMAN,EL CHAñAR,BURRUYACU
23,13,32,TUCUMAN,EL NARANJO Y EL SUNCHAL,BURRUYACU
23,13,34,TUCUMAN,EL PUESTITO,BURRUYACU
23,13,36,TUCUMAN,EL TIMBO,BURRUYACU
23,13,42,TUCUMAN,GOBERNADOR GARMENDIA,BURRUYACU
23,13,43,TUCUMAN,GOBERNADOR PIEDRABUENA,BURRUYACU
23,13,50,TUCUMAN,LA RAMADA Y LA CRUZ,BURRUYACU
23,13,72,TUCUMAN,VILLA PADRE MONTI,BURRUYACU
23,13,96,TUCUMAN,7 DE ABRIL,BURRUYACU
23,13,106,TUCUMAN,VILLA BENJAMIN ARAOZ,BURRUYACU
23,14,22,TUCUMAN,CHOROMORO,TRANCAS
23,14,88,TUCUMAN,SAN PEDRO DE COLALAO,TRANCAS
23,14,102,TUCUMAN,TAPIA,TRANCAS
23,14,104,TUCUMAN,TRANCAS,TRANCAS
23,15,17,TUCUMAN,CEVIL REDONDO,YERBA BUENA
23,15,84,TUCUMAN,SAN JAVIER,YERBA BUENA
23,15,111,TUCUMAN,YERBA BUENA,YERBA BUENA
23,16,9,TUCUMAN,ANCA JULI,TAFI VIEJO
23,16,25,TUCUMAN,EL CADILLAL,TAFI VIEJO
23,16,48,TUCUMAN,LA ESPERANZA,TAFI VIEJO
23,16,55,TUCUMAN,LAS TALITAS,TAFI VIEJO
23,16,58,TUCUMAN,LOS NOGALES,TAFI VIEJO
23,16,75,TUCUMAN,RACO,TAFI VIEJO
23,16,101,TUCUMAN,TAFI VIEJO,TAFI VIEJO
23,17,7,TUCUMAN,AMAICHA DEL VALLE,TAFI DEL VALLE
23,17,19,TUCUMAN,COLALAO DEL VALLE,TAFI DEL VALLE
23,17,30,TUCUMAN,EL MOLLAR,TAFI DEL VALLE
23,17,100,TUCUMAN,TAFI DEL VALLE,TAFI DEL VALLE
24,1,1,TIERRA DEL FUEGO,USHUAIA,USHUAIA
24,2,2,TIERRA DEL FUEGO,RIO GRANDE,RIO GRANDE
24,2,3,TIERRA DEL FUEGO,TOLHUIN,RIO GRANDE
24,3,666,TIERRA DEL FUEGO,,ANTARTIDA ARGENTINA
